name,Compound_name,SMILES,InChIKey,Class
110-62-3,valeraldehyde,CCCCC=O,HGBOYTHUEUWSSQ-UHFFFAOYSA-N,1
65039-09-0,-,CC[n+]1ccn(C)c1,NJMWOUFKYKNWDW-UHFFFAOYSA-N,0
302776-68-7,hexyl 2-[4-(diethylamino)-2-hydroxybenzoyl]benzoate,CCCCCCOC(=O)c1ccccc1C(=O)c1ccc(N(CC)CC)cc1O,FDATWRLUYRHCJE-UHFFFAOYSA-N,0
682-01-9,tetrapropyl silicate,CCCO[Si](OCCC)(OCCC)OCCC,ZQZCOBSUOFHDEE-UHFFFAOYSA-N,0
2976-74-1,"2-(2,3-dichlorophenoxy)acetic acid",O=C(O)COc1cccc(Cl)c1Cl,RBJIGQRZLITQJG-UHFFFAOYSA-N,0
125109-85-5,-,CC(C)c1cccc(C(C)CC=O)c1,OHRBQTOZYGEWCJ-UHFFFAOYSA-N,0
555-43-1,"1,3-bis(octadecanoyloxy)propan-2-yl octadecanoate",CCCCCCCCCCCCCCCCCC(=O)OCC(COC(=O)CCCCCCCCCCCCCCCCC)OC(=O)CCCCCCCCCCCCCCCCC,DCXXMTOCNZCJGO-UHFFFAOYSA-N,0
13122-18-4,"tert-butyl 3,5,5-trimethylhexaneperoxoate",CC(CC(=O)OOC(C)(C)C)CC(C)(C)C,VSJBBIJIXZVVLQ-UHFFFAOYSA-N,0
75-98-9,pivalic acid,CC(C)(C)C(=O)O,IUGYQRQAERSCNH-UHFFFAOYSA-N,1
16669-27-5,docosyl 2-methylprop-2-enoate,C=C(C)C(=O)OCCCCCCCCCCCCCCCCCCCCCC,OCDWICPYKQMQSQ-UHFFFAOYSA-N,0
10175-31-2,[(2-chlorophenyl)methyl]dimethylamine,CN(C)Cc1ccccc1Cl,MZKKJAOOPDDXQQ-UHFFFAOYSA-N,0
98-54-4,4-tert-butylphenol,CC(C)(C)c1ccc(O)cc1,QHPQWRBYOIRBIT-UHFFFAOYSA-N,1
64742-95-6,"1,3,5-trimethylbenzene; 1-ethyl-4-methylbenzene; prop-1-en-2-ylbenzene; propan-2-ylbenzene; propylbenzene",O=C(O)c1cc(F)c(Br)cc1Cl,TZFKKLGCVKORLS-UHFFFAOYSA-N,1
552-30-7,"1,3-dioxo-1,3-dihydro-2-benzofuran-5-carboxylic acid",O=C(O)c1ccc2c(c1)C(=O)OC2=O,SRPWOOOHEPICQU-UHFFFAOYSA-N,0
931-87-3,cyclooctene,C1=CCCCCCC1,URYYVOIYTNXXBN-UHFFFAOYSA-N,0
5137-52-0,pentyl 2-phenylacetate,CCCCCOC(=O)Cc1ccccc1,LRVLBFSVAFUOGO-UHFFFAOYSA-N,0
1003-14-1,2-propyloxirane,CCCC1CO1,SYURNNNQIFDVCA-UHFFFAOYSA-N,0
717-74-8,"1,3,5-triisopropylbenzene",CC(C)c1cc(C(C)C)cc(C(C)C)c1,VUMCUSHVMYIRMB-UHFFFAOYSA-N,0
2687-96-9,1-dodecylpyrrolidin-2-one,CCCCCCCCCCCCN1CCCC1=O,NJPQAIBZIHNJDO-UHFFFAOYSA-N,1
109-73-9,butan-1-amine,CCCCN,HQABUPZFAYXKJW-UHFFFAOYSA-N,1
2958-36-3,4-chloro-2-(2-chlorobenzoyl)aniline,Nc1ccc(Cl)cc1C(=O)c1ccccc1Cl,KWZYIAJRFJVQDO-UHFFFAOYSA-N,0
993-07-7,trimethylsilane,C[Si](C)C,DCERHCFNWRGHLK-UHFFFAOYSA-N,0
97780-06-8,unnamed [97780-06-8],CCOc1nc(NC)nc(NC(=O)NS(=O)(=O)c2ccccc2C(=O)OC)n1,ZINJLDJMHCUBIP-UHFFFAOYSA-N,0
25265-77-4,"1-hydroxy-2,2,4-trimethylpentan-3-yl 2-methylpropanoate 3-hydroxy-2,2,4-trimethylpentyl 2-methylpropanoate",CC(C)C(=O)OCC(C)(C)C(O)C(C)C,DAFHKNAQFPVRKR-UHFFFAOYSA-N,1
61788-32-7,"Terphenyl, hydrogenated",C1=CC(c2ccc(C3CC=CCC3)cc2)CCC1,TVBYFUMVFJKKNJ-UHFFFAOYSA-N,0
736-30-1,"1,1'-ethane-1,2-diylbis(4-nitrobenzene)",O=[N+]([O-])c1ccc(CCc2ccc([N+](=O)[O-])cc2)cc1,BSNKHEKTRWNNAC-UHFFFAOYSA-N,0
105-56-6,ethyl 2-cyanoacetate,CCOC(=O)CC#N,ZIUSEGSNTOUIPT-UHFFFAOYSA-N,0
140-11-4,benzyl acetate,CC(=O)OCc1ccccc1,QUKGYYKBILRGFE-UHFFFAOYSA-N,0
80480-24-6,"5-methyl-2-(pentan-2-yl)-5-propyl-1,3-dioxane",CCCC(C)C1OCC(C)(CCC)CO1,LODLFUCEWWWXPR-UHFFFAOYSA-N,1
6786-83-0,(4-anilino-1-naphthyl){bis[4-(dimethylamino)phenyl]}methanol,CN(C)c1ccc(C(O)(c2ccc(N(C)C)cc2)c2ccc(Nc3ccccc3)c3ccccc23)cc1,WNDULEJVCPEASN-UHFFFAOYSA-N,0
111-78-4,"(1Z,5Z)-cycloocta-1,5-diene",C1=CCCC=CCC1,VYXHVRARDIDEHS-UHFFFAOYSA-N,0
4151-51-3,bis(4-isocyanatophenyl) [(4-isocyanatophenyl)sulfanyl]phosphonate,O=C=Nc1ccc(OP(=S)(Oc2ccc(N=C=O)cc2)Oc2ccc(N=C=O)cc2)cc1,KGLSETWPYVUTQX-UHFFFAOYSA-N,0
84852-53-9,"1,2,3,4,5-pentabromo-6-[2-(pentabromophenyl)ethyl]benzene",Brc1c(Br)c(Br)c(CCc2c(Br)c(Br)c(Br)c(Br)c2Br)c(Br)c1Br,BZQKBFHEWDPQHD-UHFFFAOYSA-N,0
111-68-2,heptan-1-amine,CCCCCCCN,WJYIASZWHGOTOU-UHFFFAOYSA-N,1
7756-94-7,-,C[C](C)C,IIVWHGMLFGNMOW-UHFFFAOYSA-N,1
497-18-7,"1,3-diaminourea",NNC(=O)NN,XEVRDFDBXJMZFG-UHFFFAOYSA-N,0
872-36-6,"2H-1,3-dioxol-2-one",O=c1occo1,VAYTZRYEBVHVLE-UHFFFAOYSA-N,1
3407-42-9,"3-{5,5,6-trimethylbicyclo[2.2.1]heptan-2-yl}cyclohexan-1-ol",CC1C2CC(CC2C2CCCC(O)C2)C1(C)C,BWVZAZPLUTUBKD-UHFFFAOYSA-N,0
124-13-0,octanal,CCCCCCCC=O,NUJGJRNETVAIRJ-UHFFFAOYSA-N,1
12225-18-2,"N-(4-chloro-2,5-dimethoxyphenyl)-2-[(E)-2-[2,5-dimethoxy-4-(phenylsulfamoyl)phenyl]diazen-1-yl]-3-oxobutanamide",COc1cc(NC(=O)/C(=N\Nc2cc(OC)c(S(=O)(=O)Nc3ccccc3)cc2OC)C(C)=O)c(OC)cc1Cl,BIJVAEAOBFTYKO-JVCXMKTPSA-N,0
29911-27-1,1-[(1-propoxypropan-2-yl)oxy]propan-2-ol,CCCOCC(C)OCC(C)O,WEZPLQKRXDBPEP-UHFFFAOYSA-N,0
24549-06-2,2-ethyl-6-methylaniline,CCc1cccc(C)c1N,JJVKJJNCIILLRP-UHFFFAOYSA-N,0
98-85-1,1-phenylethan-1-ol,CC(O)c1ccccc1,WAPNOHKVXSQRPX-UHFFFAOYSA-N,0
102-01-2,3-oxo-N-phenylbutanamide,CC(=O)CC(=O)Nc1ccccc1,DYRDKSSFIWVSNM-UHFFFAOYSA-N,0
108-32-7,"4-methyl-1,3-dioxolan-2-one",CC1COC(=O)O1,RUOJZAUFBMNUDX-UHFFFAOYSA-N,0
117428-22-5,unnamed [117428-22-5],COC=C(C(=O)OC)c1ccccc1COc1cccc(C(F)(F)F)n1,IBSNKSODLGJUMQ-UHFFFAOYSA-N,0
185257-07-2,-,CC(C#N)N(CC#N)CC#N,FIIUFZGDWANGEJ-UHFFFAOYSA-N,0
52673-15-1,"17-(3-methoxypropyl)-6-methyl-3,10,17-triazahexacyclo[13.6.2.0????,??????????.0??????,??????.0????????,????????.0??????????,????????]tricosa-1(21),2,4(9),5,7,12,14,19,22-nonaene-11,16,18-trione",COCCCn1c(=O)c2ccc3c(=O)n4c5ccc(C)cc5nc4c4ccc(c1=O)c2c34,PMZXKSSDXXNNIO-UHFFFAOYSA-N,0
100-51-6,phenylmethanol,OCc1ccccc1,WVDDGKGOMKODPV-UHFFFAOYSA-N,0
6425-39-4,4-{2-[2-(morpholin-4-yl)ethoxy]ethyl}morpholine,C1CN(CCOCCN2CCOCC2)CCO1,ZMSQJSMSLXVTKN-UHFFFAOYSA-N,1
437717-43-6,-,CCCc1nc(C)c2c(=O)nc(-c3cc(S(=O)(=O)O)ccc3OCC)[nH]n12,XTMCEBZOWCIYQF-UHFFFAOYSA-N,0
112-73-2,1-[2-(2-butoxyethoxy)ethoxy]butane,CCCCOCCOCCOCCCC,KZVBBTZJMSWGTK-UHFFFAOYSA-N,0
93-84-5,"5-nitro-1,3-dihydro-2H-benzimidazol-2-one",O=c1[nH]c2ccc([N+](=O)[O-])cc2[nH]1,DLJZIPVEVJOKHB-UHFFFAOYSA-N,0
131-57-7,2-benzoyl-5-methoxyphenol,COc1ccc(C(=O)c2ccccc2)c(O)c1,DXGLGDHPHMLXJC-UHFFFAOYSA-N,0
553-86-6,1-benzofuran-2(3H)-one,O=C1Cc2ccccc2O1,ACZGCWSMSTYWDQ-UHFFFAOYSA-N,1
40722-73-4,-,O=P1(Cl)OCCCN1CCCl,SBMJSKYKTAAHAB-UHFFFAOYSA-N,1
624-92-0,(methyldisulfanyl)methane,CSSC,WQOXQRCZOLPYPM-UHFFFAOYSA-N,1
527-60-6,"2,4,6-trimethylphenol",Cc1cc(C)c(O)c(C)c1,BPRYUXCVCCNUFE-UHFFFAOYSA-N,0
25549-16-0,tris(6-methylheptyl)amine,CC(C)CCCCCN(CCCCCC(C)C)CCCCCC(C)C,YKGBNAGNNUEZQC-UHFFFAOYSA-N,1
78-42-2,tris(2-ethylhexyl) phosphate,CCCCC(CC)COP(=O)(OCC(CC)CCCC)OCC(CC)CCCC,GTVWRXDRKAHEAD-UHFFFAOYSA-N,1
120-55-8,2-[2-(benzoyloxy)ethoxy]ethyl benzoate,O=C(OCCOCCOC(=O)c1ccccc1)c1ccccc1,NXQMCAOPTPLPRL-UHFFFAOYSA-N,0
42233-75-0,"1,10-didocosyl decanedioate",CCCCCCCCCCCCCCCCCCCCCCOC(=O)CCCCCCCCC(=O)OCCCCCCCCCCCCCCCCCCCCCC,PRNNATBNXILRSR-UHFFFAOYSA-N,0
75-59-2,tetramethylazanium hydroxide,C[N+](C)(C)C,QEMXHQIAXOOASZ-UHFFFAOYSA-N,1
31775-20-9,"2,2'-[(3,3'-dichlorobiphenyl-4,4'-diyl)didiazene-2,1-diyl]bis[N-(4-ethoxyphenyl)-3-oxobutanamide]",CCOc1ccc(NC(=O)/C(=N/Nc2ccc(-c3ccc(N/N=C(\C(C)=O)C(=O)Nc4ccc(OCC)cc4)c(Cl)c3)cc2Cl)C(C)=O)cc1,XLQLEAXRSBRWBG-WRFCJWBBSA-N,0
929-06-6,2-(2-aminoethoxy)ethan-1-ol,NCCOCCO,GIAFURWZWWWBQT-UHFFFAOYSA-N,1
3033-62-3,{2-[2-(dimethylamino)ethoxy]ethyl}dimethylamine,CN(C)CCOCCN(C)C,GTEXIOINCJRBIO-UHFFFAOYSA-N,1
15894-70-9,"N',N''-hexane-1,6-diylbis(1-cyanoguanidine)",N#CNC(=N)NCCCCCCNC(=N)NC#N,YXZZOMVBHPCKMM-UHFFFAOYSA-N,0
15308-01-7,"2-chloro-N-(2,6-dichlorophenyl)-N-phenylacetamide",O=C(CCl)N(c1ccccc1)c1c(Cl)cccc1Cl,BPEUHDIEZQWRGC-UHFFFAOYSA-N,0
111974-73-3,-,O=C(Nc1ccccc1Sc1ccccc1)Oc1ccccc1,FWULFEHVLSQUBD-UHFFFAOYSA-N,1
78-98-8,2-oxopropanal,C=C(O)C=O,QRFGDGZPNFSNCE-UHFFFAOYSA-N,0
143-24-8,"2,5,8,11,14-pentaoxapentadecane",COCCOCCOCCOCCOC,ZUHZGEOKBKGPSW-UHFFFAOYSA-N,0
6410-38-4,"4-[(E)-2-(2,5-dichlorophenyl)diazen-1-yl]-3-hydroxy-N-(2-methoxyphenyl)naphthalene-2-carboxamide",COc1ccccc1NC(=O)c1cc2ccccc2c(N=Nc2cc(Cl)ccc2Cl)c1O,IBVDQFFVBKPVPB-UHFFFAOYSA-N,0
4404-43-7,"2,2'-ethene-1,2-diylbis[5-({4-anilino-6-[bis(2-hydroxyethyl)amino]-1,3,5-triazin-2-yl}amino)benzenesulfonic acid]",O=S(=O)(O)c1cc(Nc2nc(Nc3ccccc3)nc(N(CCO)CCO)n2)ccc1C=Cc1ccc(Nc2nc(Nc3ccccc3)nc(N(CCO)CCO)n2)cc1S(=O)(=O)O,CNGYZEMWVAWWOB-UHFFFAOYSA-N,0
1072-63-5,1-vinyl-1H-imidazole,C=Cn1ccnc1,OSSNTDFYBPYIEC-UHFFFAOYSA-N,0
68307-94-8,-,CCCCCCOP(=O)(O)O,PHNWGDTYCJFUGZ-UHFFFAOYSA-N,1
120-51-4,benzyl benzoate,O=C(OCc1ccccc1)c1ccccc1,SESFRYSPDFLNCH-UHFFFAOYSA-N,0
15721-78-5,"4-(2,4,4-trimethylpentan-2-yl)-N-[4-(2,4,4-trimethylpentan-2-yl)phenyl]aniline",CC(C)(C)CC(C)(C)c1ccc(Nc2ccc(C(C)(C)CC(C)(C)C)cc2)cc1,GQBHYWDCHSZDQU-UHFFFAOYSA-N,0
284461-73-0,-,CNC(=O)c1cc(Oc2ccc(NC(=O)Nc3ccc(Cl)c(C(F)(F)F)c3)cc2)ccn1,MLDQJTXFUGDVEO-UHFFFAOYSA-N,0
55819-71-1,-,NNC(=O)C(N)CO,YTHVXUGXVASXJZ-UHFFFAOYSA-N,0
114772-53-1,-,Cc1ccc(-c2ccccc2C#N)cc1,ZGQVZLSNEBEHFN-UHFFFAOYSA-N,0
30772-79-3,"octahydro-1H-4,7-methanoindene-1-carbaldehyde",O=CC1CCC2C3CCC(C3)C12,USPJNXWHVJTDJW-UHFFFAOYSA-N,0
32539-83-6,"3,4,5,6,7,8,9,10,11,12,13,14-dodecahydro-2H-cyclododeca[b]pyran",C1CCCCCC2=C(CCCC1)CCCO2,VJRVVBJENDJBLJ-UHFFFAOYSA-N,1
103-83-3,benzyldimethylamine,CN(C)Cc1ccccc1,XXBDWLFCJWSEKW-UHFFFAOYSA-N,1
615-60-1,"4-chloro-1,2-dimethylbenzene",Cc1ccc(Cl)cc1C,HNQLMBJUMVLFCF-UHFFFAOYSA-N,0
67228-83-5,"(Z)-N-(3-aminopropyl)-N'-[3-(9-octadecenylamino)propyl]propane-1,3-diamine",CCCCCCCCC=CCCCCCCCCNCCCNCCCNCCCN,XWNMFDCGCAFWHB-UHFFFAOYSA-N,1
56706-10-6,"4,4,13,13-tetraethoxy-3,14-dioxa-8,9-dithia-4,13-disilahexadecane",CCO[Si](CCCSSCCC[Si](OCC)(OCC)OCC)(OCC)OCC,FBBATURSCRIBHN-UHFFFAOYSA-N,0
1120-21-4,undecane,CCCCCCCCCCC,RSJKGSCJYJTIGS-UHFFFAOYSA-N,1
60728-43-0,unnamed [60728-43-0],CC(=O)/C(=N\Nc1cc(C(=O)O)ccc1Cl)C(=O)Nc1cc(Cl)c(NC(=O)/C(=N/Nc2cc(C(=O)O)ccc2Cl)C(C)=O)cc1C,RCJAQWCCDVQYMR-MVGUWFDRSA-N,0
67674-46-8,"6,6-dimethoxy-2,5,5-trimethylhex-2-ene",COC(OC)C(C)(C)CC=C(C)C,RDHNTAXPFZIMDN-UHFFFAOYSA-N,1
72903-27-6,-,CCOC(=O)C1CCC(C(=O)OCC)CC1,KRJHRNUTLDTSKY-UHFFFAOYSA-N,0
67845-93-6,"hexadecyl 3,5-di-tert-butyl-4-hydroxybenzoate",CCCCCCCCCCCCCCCCOC(=O)c1cc(C(C)(C)C)c(O)c(C(C)(C)C)c1,NZYMWGXNIUZYRC-UHFFFAOYSA-N,0
13641-96-8,-,C=CC(=O)OCCN=C=O,DPNXHTDWGGVXID-UHFFFAOYSA-N,1
753-73-1,dimethyltin dichloride,C[Sn](C)(Cl)Cl,PKKGKUDPKRTKLJ-UHFFFAOYSA-L,1
198904-86-8,unnamed [198904-86-8],CC(C)(C)OC(=O)NC(Cc1ccccc1)C(O)CN(Cc1ccc(-c2ccccn2)cc1)NC(=O)OC(C)(C)C,KYSDBVSJLBOZDZ-UHFFFAOYSA-N,0
926-63-6,dimethyl(propyl)amine,CCCN(C)C,ZUHZZVMEUAUWHY-UHFFFAOYSA-N,1
101377-47-3,-,C[Si](Cn1cnnc1)(c1ccc(F)cc1)c1ccc(F)cc1,UHFBTGZSQCBFKK-UHFFFAOYSA-N,0
105-39-5,ethyl chloroacetate,CCOC(=O)CCl,VEUUMBGHMNQHGO-UHFFFAOYSA-N,1
105-54-4,ethyl butanoate,CCCC(=O)OCC,OBNCKNCVKJNDBV-UHFFFAOYSA-N,0
9032-14-8,unnamed [9032-14-8],CCOC(=O)C=Cc1ccc([N+](=O)[O-])cc1,PFBQVGXIMLXCQB-UHFFFAOYSA-N,0
67938-21-0,-,CC(C)CCCCCCCCCCCCCCC(=O)OCC(O)COCC(O)COC(=O)CCCCCCCCCCCCCCC(C)C,LDDUCKDUDZVHLN-UHFFFAOYSA-N,0
86261-90-7,2-(2-oxoimidazolidin-1-yl)ethyl methacrylate,C=C(C)C(=O)OCCN1CCNC1=O,PFPUZMSQZJFLBK-UHFFFAOYSA-N,0
4210-32-6,4-tert-butylbenzonitrile,CC(C)(C)c1ccc(C#N)cc1,IIZURLNRIMKEDL-UHFFFAOYSA-N,0
79-36-7,dichloroacetyl chloride,O=C(Cl)C(Cl)Cl,FBCCMZVIWNDFMO-UHFFFAOYSA-N,1
615-16-7,1H-benzimidazol-2-ol,O=c1[nH]c2ccccc2[nH]1,SILNNFMWIMZVEQ-UHFFFAOYSA-N,0
611-70-1,2-methyl-1-phenylpropan-1-one,CC(C)C(=O)c1ccccc1,BSMGLVDZZMBWQB-UHFFFAOYSA-N,0
68784-14-5,-,C=CCOCC1(OC2OC(CO)C(O)C(O)C2O)OC(CO)C(O)C1O,DUMOJBFXLNPOEI-UHFFFAOYSA-N,0
109-55-7,(3-aminopropyl)dimethylamine,CN(C)CCCN,IUNMPGNGSSIWFP-UHFFFAOYSA-N,1
585-07-9,tert-butyl methacrylate,C=C(C)C(=O)OC(C)(C)C,SJMYWORNLPSJQO-UHFFFAOYSA-N,1
877397-65-4,-,CC(O)c1c(Cl)ccc(F)c1Cl,JAOYKRSASYNDGH-UHFFFAOYSA-N,0
84870-65-5,"2-[[4-(diethylamino)-2-methylphenyl]azo]-5-nitrobenzene-1,3-dicarbonitrile",CCN(CC)c1ccc(N=Nc2c(C#N)cc([N+](=O)[O-])cc2C#N)c(C)c1,HCOYTIPJLYJCDR-UHFFFAOYSA-N,0
37441-29-5,"5-amino-2,4,6-triiodobenzene-1,3-dicarbonyl dichloride",Nc1c(I)c(C(=O)Cl)c(I)c(C(=O)Cl)c1I,FBJVWRITWDYUAC-UHFFFAOYSA-N,0
68526-56-7,"Alkenes, C9-11, C10-rich",C=CC=CCCC=CCC,FDBJNQUXZRDJHC-UHFFFAOYSA-N,1
477218-42-1,-,CC(OC(C)(C)COC(=O)C1CC1)C1CCCC(C)(C)C1,BZLYOWSSNHNYKW-UHFFFAOYSA-N,0
19694-10-1,3-amino-4-chlorobenzamide,NC(=O)c1ccc(Cl)c(N)c1,QHMDKGRWJVOUFU-UHFFFAOYSA-N,0
5292-43-3,tert-butyl bromoacetate,CC(C)(C)OC(=O)CBr,BNWCETAHAJSBFG-UHFFFAOYSA-N,1
102-20-5,2-phenylethyl 2-phenylacetate,O=C(Cc1ccccc1)OCCc1ccccc1,ZOZIRNMDEZKZHM-UHFFFAOYSA-N,0
88-17-5,2-(trifluoromethyl)aniline,Nc1ccccc1C(F)(F)F,VBLXCTYLWZJBKA-UHFFFAOYSA-N,1
6962-44-3,N-(2-methoxy-5-methylphenyl)acetamide,COc1ccc(C)cc1NC(C)=O,POLMNXCVMYMLSF-UHFFFAOYSA-N,0
3380-30-1,5-chloro-2-(4-chlorophenoxy)phenol,Oc1cc(Cl)ccc1Oc1ccc(Cl)cc1,BYNQFCJOHGOKSS-UHFFFAOYSA-N,0
102-79-4,2-[butyl(2-hydroxyethyl)amino]ethan-1-ol,CCCCN(CCO)CCO,GVNHOISKXMSMPX-UHFFFAOYSA-N,0
4424-06-0,"3,10,17,24-tetraazaoctacyclo[13.13.2.0????,??????????.0??????,??????.0????????,??????????.0??????????,??????????.0??????????,????????.0??????????,??????????]triaconta-1(28),2,4(9),5,7,12,14,16,18(23),19,21,26,29-tridecaene-11,25-dione",O=c1c2ccc3c4c(ccc(c24)c2nc4ccccc4n12)c(=O)n1c2ccccc2nc31,DGBWPZSGHAXYGK-UHFFFAOYSA-N,0
26748-41-4,"tert-butyl 2,2,3,5-tetramethylhexaneperoxoate tert-butyl 2,2-diethylhexaneperoxoate tert-butyl 2,2-dimethyloctaneperoxoate tert-butyl 2,4-dimethyl-2-(propan-2-yl)pentaneperoxoate tert-butyl 2-ethyl-2,5-dimethylhexaneperoxoate",CC(C)(C)CCCCCC(=O)OOC(C)(C)C,NMOALOSNPWTWRH-UHFFFAOYSA-N,1
99-54-7,"1,2-dichloro-4-nitrobenzene",O=[N+]([O-])c1ccc(Cl)c(Cl)c1,NTBYINQTYWZXLH-UHFFFAOYSA-N,0
81-85-6,"10-bromo-14-methyl-14-azatetracyclo[7.7.1.0????,??????.0????????,??????????]heptadeca-1(16),2(7),3,5,9(17),10,12-heptaene-8,15-dione",Cn1c(=O)cc2c3c(c(Br)ccc31)C(=O)c1ccccc1-2,QTNAUUGQZYCWGQ-UHFFFAOYSA-N,0
624-89-5,(methylsulfanyl)ethane,CCSC,WXEHBUMAEPOYKP-UHFFFAOYSA-N,1
7085-19-0,2-(4-chloro-2-methylphenoxy)propanoic acid,Cc1cc(Cl)ccc1OC(C)C(=O)O,WNTGYJSOUMFZEP-UHFFFAOYSA-N,0
95-74-9,3-chloro-4-methylaniline,Cc1ccc(N)cc1Cl,RQKFYFNZSHWXAW-UHFFFAOYSA-N,1
872-50-4,1-methylpyrrolidin-2-one,CN1CCCC1=O,SECXISVLQFMRJM-UHFFFAOYSA-N,0
1228350-17-1,-,C=C(C)C(=O)OCCCC(F)(F)C(F)(F)C(F)(F)C(F)(F)C(F)(F)C(F)(F)F,AIIUJTLQIOPZBE-UHFFFAOYSA-N,0
58890-25-8,1-cyclohexyl-3-[4-({4-[(cyclohexylcarbamoyl)amino]phenyl}methyl)phenyl]urea,O=C(Nc1ccc(Cc2ccc(NC(=O)NC3CCCCC3)cc2)cc1)NC1CCCCC1,SGXPOLBQSKXTKY-UHFFFAOYSA-N,0
109884-54-0,-,CC(C)CCCCCCCCCCCCCCC(=O)OCC(C)(C)COC(=O)CCCCCCCCCCCCCCC(C)C,AWNFRSYMBMFGLK-UHFFFAOYSA-N,0
98-55-5,2-ethylhexyl 2-hydroxybenzoate,CC1=CCC(C(C)(C)O)CC1,WUOACPNHFRMFPN-UHFFFAOYSA-N,0
13052-09-0,"2,5-dimethylhexane-2,5-diyl bis[2-(ethylperoxy)hexanoate]",CCCCC(CC)C(=O)OOC(C)(C)CCC(C)(C)OOC(=O)C(CC)CCCC,JUIBLDFFVYKUAC-UHFFFAOYSA-N,0
91-17-8,decahydronaphthalene,C1CCC2CCCCC2C1,NNBZCPXTIHJBJL-UHFFFAOYSA-N,1
118-75-2,"tetrachlorocyclohexa-2,5-diene-1,4-dione",O=C1C(Cl)=C(Cl)C(=O)C(Cl)=C1Cl,UGNWTBMOAKPKBL-UHFFFAOYSA-N,0
2467-13-2,tris(2-ethylhexyl) borate,CCCCC(CC)COB(OCC(CC)CCCC)OCC(CC)CCCC,DLVYHYUFIXLWKV-UHFFFAOYSA-N,1
27214-38-6,"2,3-dihydroxypropyl tetradecanoate",CCCCCCCCCCCCCC(=O)OCC(O)CO,DCBSHORRWZKAKO-UHFFFAOYSA-N,0
762-12-9,decanoyl decaneperoxoate,CCCCCCCCCC(=O)OOC(=O)CCCCCCCCC,XJOBOFWTZOKMOH-UHFFFAOYSA-N,0
162691-59-0,-,C=CC(C)(C#CC1(O)C(C)=C2OC(C)OC2CC1(C)C)OC(C)OCC,RZEIWRMMULENKX-UHFFFAOYSA-N,0
68259-31-4,-,CC1=C2CC(C=O)C(C1)C(C(C)C)C2,BNAYNPKNDLTBTJ-UHFFFAOYSA-N,0
5945-33-5,-,CC(C)(c1ccc(OP(=O)(Oc2ccccc2)Oc2ccccc2)cc1)c1ccc(OP(=O)(Oc2ccccc2)Oc2ccccc2)cc1,BQPNUOYXSVUVMY-UHFFFAOYSA-N,0
26741-53-7,"3,9-bis(2,4-di-tert-butylphenoxy)-2,4,8,10-tetraoxa-3,9-diphosphaspiro[5.5]undecane",CC(C)(C)c1ccc(OP2OCC3(CO2)COP(Oc2ccc(C(C)(C)C)cc2C(C)(C)C)OC3)c(C(C)(C)C)c1,AIBRSVLEQRWAEG-UHFFFAOYSA-N,0
35113-48-5,-,CCOC(=O)C1(C(=O)OCC)COC(C(C)C)OC1,IELCLUJNTNQUEW-UHFFFAOYSA-N,0
93-61-8,N-methyl-N-phenylformamide,CN(C=O)c1ccccc1,JIKUXBYRTXDNIY-UHFFFAOYSA-N,0
15571-58-1,2-ethylhexyl 2-{[({2-[(2-ethylhexyl)oxy]-2-oxoethyl}sulfanyl)dioctylstannyl]sulfanyl}acetate,CCCCCCCC[Sn](CCCCCCCC)(SCC(=O)OCC(CC)CCCC)SCC(=O)OCC(CC)CCCC,VXGIVDFKZKMKQO-UHFFFAOYSA-L,1
13501-76-3,"(4-chloro-1,1-diethoxybutyl)silane",CCO[Si](C)(CCCCl)OCC,KEZMLECYELSZDC-UHFFFAOYSA-N,1
3278-22-6,(ethenesulfonyl)methanesulfonylethene,C=CS(=O)(=O)CS(=O)(=O)C=C,IJHIIHORMWQZRQ-UHFFFAOYSA-N,0
1897-52-5,"2,6-difluorobenzonitrile",N#Cc1c(F)cccc1F,BNBRIFIJRKJGEI-UHFFFAOYSA-N,0
126-30-7,"2,2-dimethylpropane-1,3-diol",CC(C)(CO)CO,SLCVBVWXLSEKPL-UHFFFAOYSA-N,0
980-26-7,"2,9-dimethyl-5,7,12,14-tetrahydro-5,12-diazapentacene-7,14-dione",Cc1ccc2[nH]c3cc4c(=O)c5cc(C)ccc5[nH]c4cc3c(=O)c2c1,TXWSZJSDZKWQAU-UHFFFAOYSA-N,0
486455-65-6,unnamed [486455-65-6],CCCCNC(=O)CCC(NC(=O)C(CC)CCCC)C(=O)NCCCC,OVUBDKNXJHOLMI-UHFFFAOYSA-N,0
108-01-0,2-(dimethylamino)ethan-1-ol,CN(C)CCO,UEEJHVSXFDXPFK-UHFFFAOYSA-N,1
80-43-3,{2-[(2-phenylpropan-2-yl)peroxy]propan-2-yl}benzene,CC(C)(OOC(C)(C)c1ccccc1)c1ccccc1,XMNIXWIUMCBBBL-UHFFFAOYSA-N,0
10217-34-2,triethoxy(2-{7-oxabicyclo[4.1.0]heptan-3-yl}ethyl)silane,CCO[Si](CCC1CCC2OC2C1)(OCC)OCC,UDUKMRHNZZLJRB-UHFFFAOYSA-N,0
111-41-1,2-[(2-aminoethyl)amino]ethan-1-ol,NCCNCCO,LHIJANUOQQMGNT-UHFFFAOYSA-N,1
18794-84-8,"(6E)-7,11-dimethyl-3-methylidenedodeca-1,6,10-triene",C=CC(=C)CCC=C(C)CCC=C(C)C,JSNRRGGBADWTMC-UHFFFAOYSA-N,1
1803088-15-4,unnamed [1803088-15-4],Cc1cc(C2C(=O)Oc3c2cc(C(C)(C)C)cc3C(C)(C)C)cc(C)c1OP1Oc2cc(C(C)(C)C)cc(C(C)(C)C)c2C(C)c2c(cc(C(C)(C)C)cc2C(C)(C)C)O1,XSUIDLZPYCQAHV-UHFFFAOYSA-N,0
98730-04-2,-,CC1COc2ccccc2N1C(=O)C(Cl)Cl,PFJJMJDEVDLPNE-UHFFFAOYSA-N,0
1435-71-8,4-methyl-2-[(2-nitrophenyl)diazenyl]phenol,Cc1ccc(O)c(N=Nc2ccccc2[N+](=O)[O-])c1,DRPPFIRCBMBJCM-UHFFFAOYSA-N,0
2726-73-0,"octadecane-1,12-diol",CCCCCCC(O)CCCCCCCCCCCO,KHLCTMQBMINUNT-UHFFFAOYSA-N,0
56966-52-0,"5-chloro-2-(2,4-dichlorophenoxy)aniline",Nc1cc(Cl)ccc1Oc1ccc(Cl)cc1Cl,SOOLDKUMSVNBIW-UHFFFAOYSA-N,0
2116-84-9,"2,2,6,6-tetramethyl-4-phenyl-4-[(trimethylsilyl)oxy]-3,5-dioxa-2,4,6-trisilaheptane",C[Si](C)(C)O[Si](O[Si](C)(C)C)(O[Si](C)(C)C)c1ccccc1,LINXHFKHZLOLEI-UHFFFAOYSA-N,0
93-00-5,6-aminonaphthalene-2-sulfonic acid,Nc1ccc2cc(S(=O)(=O)O)ccc2c1,SEMRCUIXRUXGJX-UHFFFAOYSA-N,0
186817-80-1,-,CCCCC(CC)COC(=O)C(C)O,FECDACOUYKFOOP-UHFFFAOYSA-N,1
87135-01-1,unnamed [87135-01-1],CO[Si](CCCCCC[Si](OC)(OC)OC)(OC)OC,GFKCWAROGHMSTC-UHFFFAOYSA-N,0
13674-84-5,tris(2-chloro-1-methylethyl) phosphate,CC(CCl)OP(=O)(OC(C)CCl)OC(C)CCl,KVMPUXDNESXNOH-UHFFFAOYSA-N,0
7554-65-6,4-methyl-1H-pyrazole,Cc1cn[nH]c1,RIKMMFOAQPJVMX-UHFFFAOYSA-N,1
108-77-0,"trichloro-1,3,5-triazine",Clc1nc(Cl)nc(Cl)n1,MGNCLNQXLYJVJD-UHFFFAOYSA-N,1
13749-61-6,N-isopropyl-2-methylacrylamide,C=C(C)C(=O)NC(C)C,YQIGLEFUZMIVHU-UHFFFAOYSA-N,0
681-84-5,tetramethyl silicate,CO[Si](OC)(OC)OC,LFQCEHFDDXELDD-UHFFFAOYSA-N,1
65405-70-1,dec-4-enal,CCCCCC=CCCC=O,CWRKZMLUDFBPAO-UHFFFAOYSA-N,1
263355-39-1,-,CON=C(C(C)=O)C1(C)OCC(C)(C)CO1,LFCVHCSPAHUOSO-UHFFFAOYSA-N,0
14858-73-2,bis(2-ethylhexyl) carbonate,CCCCC(CC)COC(=O)OCC(CC)CCCC,PXTQQOLKZBLYDY-UHFFFAOYSA-N,1
68966-86-9,methyl 1-methyl-4-(propan-2-yl)bicyclo[2.2.2]oct-5-ene-2-carboxylate,COC(=O)C1CC2(C(C)C)C=CC1(C)CC2,NXAJZPARDMDLKH-UHFFFAOYSA-N,0
88-99-3,"benzene-1,2-dicarboxylic acid",O=C(O)c1ccccc1C(=O)O,XNGIFLGASWRNHJ-UHFFFAOYSA-N,0
502-44-3,oxepan-2-one,O=C1CCCCCO1,PAPBSGBWRJIAAV-UHFFFAOYSA-N,0
124-07-2,octanoic acid,CCCCCCCC(=O)O,WWZKQHOCKIZLMA-UHFFFAOYSA-N,1
82530-64-1,-,O=C(CCCl)OCCCCCl,GEXJJRFMEPZBNW-UHFFFAOYSA-N,1
116-75-6,"1,4-bis[(2,4,6-trimethylphenyl)amino]-9,10-dihydroanthracene-9,10-dione",Cc1cc(C)c(Nc2ccc(Nc3c(C)cc(C)cc3C)c3c2C(=O)c2ccccc2C3=O)c(C)c1,DMDRBXCDTZRMHZ-UHFFFAOYSA-N,0
53146-45-5,unnamed [53146-45-5],C=CCOCC(O)COCCCC,DUHBCTOSRLCNDL-UHFFFAOYSA-N,1
2605-79-0,decyl(dimethyl)amine oxide,C=[N+](O)CCCCCCCCCC,NWDHQVGFTNHASD-UHFFFAOYSA-N,0
140-88-5,ethyl prop-2-enoate,C=CC(=O)OCC,JIGUQPWFLRLWPJ-UHFFFAOYSA-N,1
25167-70-8,"2,4,4-trimethylpent-1-ene",C=C(C)CC(C)(C)C,FXNDIJDIPNCZQJ-UHFFFAOYSA-N,1
69563-51-5,"N-(4-amino-3-methoxy-9,10-dioxo-9,10-dihydroanthracen-1-yl)benzenesulfonamide",COc1cc(NS(=O)(=O)c2ccccc2)c2c(c1N)C(=O)c1ccccc1C2=O,ZUWHJJGOYZUNDW-UHFFFAOYSA-N,0
204918-22-9,-,C=CCOC(=O)C(C)(C)OC(=O)c1cc(N=C=O)ccc1Cl,PKFZJUHXBJIMRW-UHFFFAOYSA-N,0
118135-28-7,unnamed [118135-28-7],CC(C)(C)C1CCC2(CC1)OCC(CCl)O2,KIXLXDKXQXRUSB-UHFFFAOYSA-N,1
371771-07-2,-,Cc1cc(C(F)(C(F)(F)F)C(F)(F)F)ccc1NC(=O)c1ccccc1C(=O)NC(C)(C)CS(C)=O,BMWUVXGFZUPLIC-UHFFFAOYSA-N,0
122-70-3,2-phenylethyl propanoate,CCC(=O)OCCc1ccccc1,HVGZQCSMLUDISR-UHFFFAOYSA-N,0
473278-76-1,unnamed [473278-76-1],CS(=O)(=O)c1ccc(C(O)=C2C(=O)CCCC2=O)c(Cl)c1COCC1CCCO1,OMQDSOISVUBCFO-UHFFFAOYSA-N,0
1514-82-5,"2-bromo-3,3,3-trifluoroprop-1-ene",C=C(Br)C(F)(F)F,QKBKGNDTLQFSEU-UHFFFAOYSA-N,0
68610-86-6,-,COc1ccccc1NC(=O)/C(=N/Nc1ccc(-c2ccc(N/N=C(\C(C)=O)C(=O)Nc3ccc(C)cc3C)c(Cl)c2)cc1Cl)C(C)=O,GVMSHCSMUQNJCF-MZQUTLDPSA-N,0
4098-71-9,"5-isocyanato-1-(isocyanatomethyl)-1,3,3-trimethylcyclohexane",CC1(C)CC(N=C=O)CC(C)(CN=C=O)C1,NIMLQBUJDJZYEJ-UHFFFAOYSA-N,1
35092-89-8,4-(methoxycarbonyl)-3-nitrobenzoic acid,COC(=O)c1ccc(C(=O)O)cc1[N+](=O)[O-],MIIADZYPHVTLPR-UHFFFAOYSA-N,0
591-27-5,3-aminophenol,Nc1cccc(O)c1,CWLKGDAVCFYWJK-UHFFFAOYSA-N,0
90-04-0,2-methoxyaniline,COc1ccccc1N,VMPITZXILSNTON-UHFFFAOYSA-N,0
5468-75-7,2-[(E)-2-(2-chloro-4-{3-chloro-4-[(E)-2-{1-[(2-methylphenyl)carbamoyl]-2-oxopropyl}diazen-1-yl]phenyl}phenyl)diazen-1-yl]-N-(2-methylphenyl)-3-oxobutanamide,CC(=O)/C(=N\Nc1ccc(-c2ccc(N/N=C(\C(C)=O)C(=O)Nc3ccccc3C)c(Cl)c2)cc1Cl)C(=O)Nc1ccccc1C,VJIBAUHUGUKETQ-LFOSYLFNSA-N,0
24280-93-1,"(4E)-6-(4-hydroxy-6-methoxy-7-methyl-3-oxo-1,3-dihydro-2-benzofuran-5-yl)-4-methylhex-4-enoic acid",COc1c(C)c2c(c(O)c1CC=C(C)CCC(=O)O)C(=O)OC2,HPNSFSBZBAHARI-UHFFFAOYSA-N,0
18171-19-2,"(4-chloro-1,1-dimethoxybutyl)silane",CO[Si](C)(CCCCl)OC,KNTKCYKJRSMRMZ-UHFFFAOYSA-N,0
3047-32-3,(3-ethyloxetan-3-yl)methanol,CCC1(CO)COC1,UNMJLQGKEDTEKJ-UHFFFAOYSA-N,0
827-52-1,cyclohexylbenzene,c1ccc(C2CCCCC2)cc1,IGARGHRYKHJQSM-UHFFFAOYSA-N,1
17689-77-9,bis(acetyloxy)(ethyl)silyl acetate,CC[Si](OC(C)=O)(OC(C)=O)OC(C)=O,KXJLGCBCRCSXQF-UHFFFAOYSA-N,1
69184-17-4,"methyl 2-[(4-amino-3,5-dichloro-6-fluoropyridin-2-yl)oxy]acetate",COC(=O)COc1nc(F)c(Cl)c(N)c1Cl,GIIKFBXVGYJLEK-UHFFFAOYSA-N,0
117-81-7,"1,2-bis(2-ethylhexyl) benzene-1,2-dicarboxylate",CCCCC(CC)COC(=O)c1ccccc1C(=O)OCC(CC)CCCC,BJQHLKABXJIVAM-UHFFFAOYSA-N,0
107-93-7,(2E)-but-2-enoic acid,CC=CC(=O)O,LDHQCZJRKDOVOX-UHFFFAOYSA-N,0
578-58-5,1-methoxy-2-methylbenzene,COc1ccccc1C,DTFKRVXLBCAIOZ-UHFFFAOYSA-N,0
123-56-8,"pyrrolidine-2,5-dione",O=C1CCC(=O)N1,KZNICNPSHKQLFF-UHFFFAOYSA-N,0
88-27-7,"2,6-di-tert-butyl-4-[(dimethylamino)methyl]phenol",CN(C)Cc1cc(C(C)(C)C)c(O)c(C(C)(C)C)c1,VMZVBRIIHDRYGK-UHFFFAOYSA-N,0
324763-51-1,unnamed [324763-51-1],CC(C)(CN)C(N)=O,HKQZJXVIXAPOPZ-UHFFFAOYSA-N,0
3753-18-2,1-(methoxymethyl)-4-[4-(methoxymethyl)phenyl]benzene,COCc1ccc(-c2ccc(COC)cc2)cc1,MODAACUAXYPNJH-UHFFFAOYSA-N,0
89686-69-1,2-[2-(oxolan-2-yl)propan-2-yl]oxolane,CC(C)(C1CCCO1)C1CCCO1,FZLHAQMQWDDWFI-UHFFFAOYSA-N,1
23235-61-2,"2-ethyl-2-{[2-ethyl-3-hydroxy-2-(hydroxymethyl)propoxy]methyl}propane-1,3-diol",CCC(CO)(CO)COCC(CC)(CO)CO,WMYINDVYGQKYMI-UHFFFAOYSA-N,0
260781-16-6,unnamed [260781-16-6],CC(O)COC(=O)OC1CC(C)CCC1C(C)C,FLYJSXDJKBHQAU-UHFFFAOYSA-N,0
86-92-0,"5-methyl-2-(4-methylphenyl)-2,3-dihydro-1H-pyrazol-3-one",Cc1ccc(-n2[nH]c(C)cc2=O)cc1,YAVQZXBVUORYNQ-UHFFFAOYSA-N,0
28629-66-5,"zinc bis(O,O-diisooctyl) bis(dithiophosphate)",CC(C)CCCCCOP(=S)(S)OCCCCCC(C)C,DXECDJILNIXBML-UHFFFAOYSA-N,1
78-86-4,2-chlorobutane,CCC(C)Cl,BSPCSKHALVHRSR-UHFFFAOYSA-N,0
6358-87-8,"diethyl 4,4'-[(3,3'-dichlorobiphenyl-4,4'-diyl)didiazene-2,1-diyl]bis(5-oxo-1-phenyl-4,5-dihydro-1H-pyrazole-3-carboxylate)",CCOC(=O)c1[nH]n(-c2ccccc2)c(=O)c1N=Nc1ccc(-c2ccc(/N=N/c3c(C(=O)OCC)[nH]n(-c4ccccc4)c3=O)c(Cl)c2)cc1Cl,HTDCAQQLHWCQJX-UFAYILFRSA-N,0
14064-10-9,diethyl chloromalonate,CCOC(=O)C(Cl)C(=O)OCC,WLWCQKMQYZFTDR-UHFFFAOYSA-N,0
106-70-7,methyl hexanoate,CCCCCC(=O)OC,NUKZAGXMHTUAFE-UHFFFAOYSA-N,1
120-61-6,"1,4-dimethyl benzene-1,4-dicarboxylate",COC(=O)c1ccc(C(=O)OC)cc1,WOZVHXUHUFLZGK-UHFFFAOYSA-N,0
2312-35-8,2-(4-tert-butylphenoxy)cyclohexyl prop-2-yn-1-yl sulfite,C#CCOS(=O)OC1CCCCC1Oc1ccc(C(C)(C)C)cc1,ZYHMJXZULPZUED-UHFFFAOYSA-N,1
611-19-8,1-chloro-2-(chloromethyl)benzene,ClCc1ccccc1Cl,BASMANVIUSSIIM-UHFFFAOYSA-N,1
259854-70-1,-,CC1CC=CCCCCCCCCC(=O)C1,ZFGBKXBPHOUSJX-UHFFFAOYSA-N,0
2528-61-2,heptanoyl chloride,CCCCCCC(=O)Cl,UCVODTZQZHMTPN-UHFFFAOYSA-N,1
123-72-8,butyraldehyde,CCCC=O,ZTQSAGDEMFDKMZ-UHFFFAOYSA-N,0
95-14-7,"1H-1,2,3-benzotriazole",c1ccc2n[nH]nc2c1,QRUDEWIWKLJBPS-UHFFFAOYSA-N,0
79665-24-0,-,Cc1ccc(Cl)cc1N=Nc1c(O)c(C(=O)Nc2cc(C)c(NC(=O)c3cc4ccccc4c(N=Nc4cc(Cl)ccc4C)c3O)cc2C)cc2ccccc12,RUASBGDJNNJFOJ-UHFFFAOYSA-N,0
18395-30-7,trimethoxy(2-methylpropyl)silane,CO[Si](CC(C)C)(OC)OC,XYJRNCYWTVGEEG-UHFFFAOYSA-N,1
17852-52-7,unnamed [17852-52-7],NNc1ccc(S(N)(=O)=O)cc1,NBJSNAGTUCWQRO-UHFFFAOYSA-N,0
94108-97-1,"2-({2,2-bis[(prop-2-enoyloxy)methyl]butoxy}methyl)-2-[(prop-2-enoyloxy)methyl]butyl prop-2-enoate",C=CC(=O)OCC(CC)(COCC(CC)(COC(=O)C=C)COC(=O)C=C)COC(=O)C=C,XRMBQHTWUBGQDN-UHFFFAOYSA-N,0
107-75-5,"7-hydroxy-3,7-dimethyloctanal",CC(CC=O)CCCC(C)(C)O,WPFVBOQKRVRMJB-UHFFFAOYSA-N,0
120-95-6,"2,4-bis(2-methylbutan-2-yl)phenol",CCC(C)(C)c1ccc(O)c(C(C)(C)CC)c1,WMVJWKURWRGJCI-UHFFFAOYSA-N,1
1226911-69-8,unnamed [1226911-69-8],CC(=Cc1ccc(C)cc1)CCC=O,LBKHGAIELUNYML-UHFFFAOYSA-N,1
3140-73-6,"2-chloro-4,6-dimethoxy-1,3,5-triazine",COc1nc(Cl)nc(OC)n1,GPIQOFWTZXXOOV-UHFFFAOYSA-N,1
1013-88-3,-,N=C(c1ccccc1)c1ccccc1,SXZIXHOMFPUIRK-UHFFFAOYSA-N,1
13515-40-7,2-[(E)-2-(4-chloro-2-nitrophenyl)diazen-1-yl]-N-(2-methoxyphenyl)-3-oxobutanamide,COc1ccccc1NC(=O)/C(=N\Nc1ccc(Cl)cc1[N+](=O)[O-])C(C)=O,VDAMTILBOXFFHU-PGMHBOJBSA-N,0
10109-95-2,"2,5-dianilinoterephthalic acid",O=C(O)c1cc(Nc2ccccc2)c(C(=O)O)cc1Nc1ccccc1,ZJQZWNLKRBUEKX-UHFFFAOYSA-N,0
93839-21-5,N-(4-carbamoylphenyl)-4-nitrobenzamide,NC(=O)c1ccc(NC(=O)c2ccc([N+](=O)[O-])cc2)cc1,FANLHXKNWWSLIG-UHFFFAOYSA-N,0
21981-33-9,"1,1,1,3,3-pentachlorobutane",CC(Cl)(Cl)CC(Cl)(Cl)Cl,FFBFEBDZFWMXBE-UHFFFAOYSA-N,1
539-48-0,[4-(aminomethyl)phenyl]methanamine,NCc1ccc(CN)cc1,ISKQADXMHQSTHK-UHFFFAOYSA-N,1
125971-95-1,-,CC(C)c1c(C(=O)Nc2ccccc2)c(-c2ccccc2)c(-c2ccc(F)cc2)n1CCC1CC(CC(=O)OC(C)(C)C)OC(C)(C)O1,NPPZOMYSGNZDKY-UHFFFAOYSA-N,0
1639345-42-8,unnamed [1639345-42-8],C[Si](C)(F)CCCC#N,RZHGQUVEZKATLV-UHFFFAOYSA-N,1
54079-53-7,2-[(4-{[2-(4-cyclohexylphenoxy)ethyl](ethyl)amino}-2-methylphenyl)methylidene]propanedinitrile,CCN(CCOc1ccc(C2CCCCC2)cc1)c1ccc(C=C(C#N)C#N)c(C)c1,NQAJBKZEQYYFGK-UHFFFAOYSA-N,0
112-55-0,dodecane-1-thiol,CCCCCCCCCCCCS,WNAHIZMDSQCWRP-UHFFFAOYSA-N,1
957787-76-7,unnamed [957787-76-7],CC(NCCCCCCNC(C)C(C)(C)C)C(C)(C)C,MORNPDNVUROSRS-UHFFFAOYSA-N,1
474510-57-1,2-hydroxy-1-(4-{[4-(2-hydroxy-2-methylpropanoyl)phenyl]methyl}phenyl)-2-methylpropan-1-one,CC(C)(O)C(=O)c1ccc(Cc2ccc(C(=O)C(C)(C)O)cc2)cc1,PCKZAVNWRLEHIP-UHFFFAOYSA-N,0
98-92-0,pyridine-3-carboxamide,NC(=O)c1cccnc1,DFPAKSUCGFBDDF-UHFFFAOYSA-N,0
137281-39-1,"4-(2-{2-amino-4-oxo-3H,4H,7H-pyrrolo[2,3-d]pyrimidin-5-yl}ethyl)benzoic acid",Nc1nc(=O)c2c(CCc3ccc(C(=O)O)cc3)c[nH]c2[nH]1,AIZPFZIKHIJCQX-UHFFFAOYSA-N,0
85-27-8,-,CC(c1ccccc1)c1ccc(O)cc1O,PQSXNIMHIHYFEE-UHFFFAOYSA-N,1
96-76-4,"2,4-di-tert-butylphenol",CC(C)(C)c1ccc(O)c(C(C)(C)C)c1,ICKWICRCANNIBI-UHFFFAOYSA-N,1
3437-84-1,2-methylpropanoyl 2-methylpropaneperoxoate,CC(C)C(=O)OOC(=O)C(C)C,RPBWMJBZQXCSFW-UHFFFAOYSA-N,1
25103-58-6,2-methylundecane-2-thiol,CC(C)C(C)(C)C(C)(C)C(C)(C)S,YAJYJWXEWKRTPO-UHFFFAOYSA-N,1
554-00-7,"2,4-dichloroaniline",Nc1ccc(Cl)cc1Cl,KQCMTOWTPBNWDB-UHFFFAOYSA-N,0
1125-21-9,"2,6,6-trimethylcyclohex-2-ene-1,4-dione",C=C1CC(=O)CC(C)(C)C1=O,ACLFJUYRYHNJTN-UHFFFAOYSA-N,0
52567-96-1,"3,6,7-trimethyloct-6-en-1-yn-3-ol",C#CC(C)(O)CCC(C)=C(C)C,UOQFIGQMCWDDKX-UHFFFAOYSA-N,0
104-12-1,1-chloro-4-isocyanatobenzene,O=C=Nc1ccc(Cl)cc1,ADAKRBAJFHTIEW-UHFFFAOYSA-N,1
52671-72-4,-,O=C(O)c1ccc2c3c(ccc(C(=O)O)c13)C(=O)OC2=O,YQXRNSHBINARCY-UHFFFAOYSA-N,0
19344-29-7,3-[(2-hydroxyethyl)amino]propan-1-ol,OCCCNCCO,IFPJFPROEPHIMI-UHFFFAOYSA-N,0
17773-41-0,2-hydroxy-4-(methylsulfanyl)butanenitrile,CSCCC(O)C#N,VWWOJJANXYSACS-UHFFFAOYSA-N,0
101513-70-6,"3,5-dichloro-2,4-difluorobenzoyl fluoride",O=C(F)c1cc(Cl)c(F)c(Cl)c1F,VWNMVYACOKCDLR-UHFFFAOYSA-N,1
52298-44-9,"4-amino-2,5-dimethoxy-N-phenylbenzenesulfonamide",COc1cc(S(=O)(=O)Nc2ccccc2)c(OC)cc1N,NFYQAEPHDGXJSY-UHFFFAOYSA-N,0
80-73-9,"1,3-dimethylimidazolidin-2-one",CN1CCN(C)C1=O,CYSGHNMQYZDMIA-UHFFFAOYSA-N,0
770-12-7,phenoxyphosphonoyl dichloride,O=P(Cl)(Cl)Oc1ccccc1,TXFOLHZMICYNRM-UHFFFAOYSA-N,1
78-16-0,"2,2-bis[(heptanoyloxy)methyl]butyl heptanoate (non-preferred name)",CCCCCCC(=O)OCC(CC)(COC(=O)CCCCCC)COC(=O)CCCCCC,UQJDVLPHTXQTRP-UHFFFAOYSA-N,0
89-86-1,"2,4-dihydroxybenzoic acid",O=C(O)c1ccc(O)cc1O,UIAFKZKHHVMJGS-UHFFFAOYSA-N,0
121-86-8,2-chloro-1-methyl-4-nitrobenzene,Cc1ccc([N+](=O)[O-])cc1Cl,LLYXJBROWQDVMI-UHFFFAOYSA-N,0
89-39-4,"1,4-dimethoxy-2-nitrobenzene",COc1ccc(OC)c([N+](=O)[O-])c1,UPTOWXNJLZJTGD-UHFFFAOYSA-N,0
82832-73-3,-,CCCC1CCC(C2CCC(=O)CC2)CC1,AKCZQKBKWXBJOF-UHFFFAOYSA-N,0
760-23-6,"3,4-dichlorobut-1-ene",C=CC(Cl)CCl,XVEASTGLHPVZNA-UHFFFAOYSA-N,0
4724-48-5,octylphosphonic acid,CCCCCCCCP(=O)(O)O,NJGCRMAPOWGWMW-UHFFFAOYSA-N,1
7575-23-7,"3-[(3-sulfanylpropanoyl)oxy]-2,2-bis({[(3-sulfanylpropanoyl)oxy]methyl})propyl 3-sulfanylpropanoate",O=C(CCS)OCC(COC(=O)CCS)(COC(=O)CCS)COC(=O)CCS,JOBBTVPTPXRUBP-UHFFFAOYSA-N,0
10543-57-4,N-acetyl-N-[2-(N-acetylacetamido)ethyl]acetamide,CC(=O)N(CCN(C(C)=O)C(C)=O)C(C)=O,BGRWYDHXPHLNKA-UHFFFAOYSA-N,0
2003244-43-5,unnamed [2003244-43-5],CC(C)(C#N)CC1=CCC2CC1C2(C)C,IDYDEKRGDSORFT-UHFFFAOYSA-N,0
924-44-7,ethyl glyoxylate,CCOC(=O)C=O,DBPFRRFGLYGEJI-UHFFFAOYSA-N,1
1760-24-3,(2-aminoethyl)[3-(trimethoxysilyl)propyl]amine,CO[Si](CCCNCCN)(OC)OC,PHQOGHDTIVQXHL-UHFFFAOYSA-N,0
93642-68-3,"3-[3-(triethoxysilyl)propyl]dihydrofuran-2,5-dione",CCO[Si](CCCC1CC(=O)OC1=O)(OCC)OCC,GXDMUOPCQNLBCZ-UHFFFAOYSA-N,1
130755-46-3,unnamed [130755-46-3],N#Cc1nn(-c2c(Cl)cc(C(F)(F)F)cc2Cl)c(N)c1SSc1c(C#N)nn(-c2c(Cl)cc(C(F)(F)F)cc2Cl)c1N,KYWRZLCFDFEWBI-UHFFFAOYSA-N,0
42774-15-2,"1-N,3-N-bis(2,2,6,6-tetramethylpiperidin-4-yl)benzene-1,3-dicarboxamide",CC1(C)CC(NC(=O)c2cccc(C(=O)NC3CC(C)(C)NC(C)(C)C3)c2)CC(C)(C)N1,OYNOCRWQLLIRON-UHFFFAOYSA-N,0
816-19-3,methyl 2-ethylhexanoate,CCCCC(CC)C(=O)OC,KICUISADAVMYCJ-UHFFFAOYSA-N,1
84-51-5,"2-ethyl-9,10-dihydroanthracene-9,10-dione",CCc1ccc2c(c1)C(=O)c1ccccc1C2=O,SJEBAWHUJDUKQK-UHFFFAOYSA-N,0
72-19-5,(2S)-2-amino-3-hydroxybutanoic acid,CC(O)C(N)C(=O)O,AYFVYJQAPQTCCC-UHFFFAOYSA-N,0
2136-89-2,1-chloro-2-(trichloromethyl)benzene,Clc1ccccc1C(Cl)(Cl)Cl,MFHPYLFZSCSNST-UHFFFAOYSA-N,1
90-43-7,2-phenylphenol,Oc1ccccc1-c1ccccc1,LLEMOWNGBBNAJR-UHFFFAOYSA-N,1
31778-10-6,"butyl 2-[(E)-2-{2-hydroxy-3-[(2-oxo-2,3-dihydro-1H-1,3-benzodiazol-5-yl)carbamoyl]naphthalen-1-yl}diazen-1-yl]benzoate",CCCCOC(=O)c1ccccc1N=Nc1c(O)c(C(=O)Nc2ccc3[nH]c(=O)[nH]c3c2)cc2ccccc12,OFVRAFISISJRPV-UHFFFAOYSA-N,0
110964-79-9,-,CS(=O)(=O)c1ccc(C(=O)O)c([N+](=O)[O-])c1,QNOUABMNRMROSL-UHFFFAOYSA-N,0
57345-19-4,"5,5,9,13-tetramethyl-14,16-dioxatetracyclo[11.2.1.0????,??????????.0??????,??????]hexadecane",CC12CCC3C(CCC4C(C)(C)CCCC43C)(CO1)O2,PHNCACYNYORRNS-UHFFFAOYSA-N,0
108-90-7,chlorobenzene,Clc1ccccc1,MVPPADPHJFYWMZ-UHFFFAOYSA-N,1
78605-96-6,unnamed [78605-96-6],CCCCCC(C=O)=Cc1ccccc1,HMKKIXGYKWDQSV-UHFFFAOYSA-N,1
17527-29-6,"3,3,4,4,5,5,6,6,7,7,8,8,8-tridecafluorooctyl prop-2-enoate",C=CC(=O)OCCC(F)(F)C(F)(F)C(F)(F)C(F)(F)C(F)(F)C(F)(F)F,VPKQPPJQTZJZDB-UHFFFAOYSA-N,0
13822-56-5,(3-aminopropyl)trimethoxysilane,CO[Si](CCCN)(OC)OC,SJECZPVISLOESU-UHFFFAOYSA-N,1
112-31-2,decanal,CCCCCCCCCC=O,KSMVZQYAVGTKIV-UHFFFAOYSA-N,1
3618-72-2,"2-{[2-(acetyloxy)ethyl]({4-[(E)-2-(2-bromo-4,6-dinitrophenyl)diazen-1-yl]-5-acetamido-2-methoxyphenyl})amino}ethyl acetate",COc1cc(N=Nc2c(Br)cc([N+](=O)[O-])cc2[N+](=O)[O-])c(NC(C)=O)cc1N(CCOC(C)=O)CCOC(C)=O,JSRUDOBCTLPTFO-UHFFFAOYSA-N,0
27014-42-2,-,OCCOCCN(CCOCCO)CCN(CCOCCO)CCOCCO,VZNCZGIMPKAVMR-UHFFFAOYSA-N,0
81782-77-6,(3E)-4-methyldec-3-en-5-ol,CCC=C(C)C(O)CCCCC,WSTQLNQRVZNEDV-UHFFFAOYSA-N,0
88349-88-6,unnamed [88349-88-6],O=C(O)COc1ccc(Cl)c2cccnc12,ICJSJAJWTWPSBD-UHFFFAOYSA-N,0
123-54-6,"pentane-2,4-dione",CC(=O)C=C(C)O,POILWHVDKZOXJZ-UHFFFAOYSA-N,0
35435-21-3,"triethoxy(2,4,4-trimethylpentyl)silane",CCO[Si](CC(C)CC(C)(C)C)(OCC)OCC,UWZSHGZRSZICIW-UHFFFAOYSA-N,0
136465-81-1,-,CC(C)(C)NC(=O)C1CC2CCCCC2CN1,UPZBXVBPICTBDP-UHFFFAOYSA-N,0
105-99-7,"1,6-dibutyl hexanedioate",CCCCOC(=O)CCCCC(=O)OCCCC,XTJFFFGAUHQWII-UHFFFAOYSA-N,1
37143-54-7,unnamed [37143-54-7],COCC(C)N,NXMXETCTWNXSFG-UHFFFAOYSA-N,1
629-03-8,"1,6-dibromohexane",BrCCCCCCBr,SGRHVVLXEBNBDV-UHFFFAOYSA-N,0
2437-25-4,lauronitrile,CCCCCCCCCCCC#N,VXCUURYYWGCLIH-UHFFFAOYSA-N,1
37630-52-7,unnamed [37630-52-7],COc1ccc(C=C(C#N)C(=O)O)cc1OC,DMACYVMZKYRYSL-UHFFFAOYSA-N,0
618-03-1,3-amino-4-methylbenzene-1-sulfonic acid,Cc1ccc(S(=O)(=O)O)cc1N,DTNODBHGOLWROS-UHFFFAOYSA-N,0
59673-82-4,"methyl 2-amino-4-[(2,5-dichlorophenyl)carbamoyl]benzoate",COC(=O)c1ccc(NC(=O)c2cc(Cl)ccc2Cl)cc1N,PDWBHZYCNIOXCB-UHFFFAOYSA-N,0
7319-16-6,-,CC=COC,QHMVQKOXILNZQR-UHFFFAOYSA-N,0
2031-67-6,triethoxy(methyl)silane,CCO[Si](C)(OCC)OCC,CPUDPFPXCZDNGI-UHFFFAOYSA-N,0
119-80-2,"2,2'-disulfanediyldibenzoic acid",O=C(O)c1ccccc1SSc1ccccc1C(=O)O,LBEMXJWGHIEXRA-UHFFFAOYSA-N,1
877179-03-8,-,CC(=O)Nc1ccc(F)cc1-c1ccc(Cl)c(Cl)c1,AXJVTIXMCNXNFH-UHFFFAOYSA-N,0
79-10-7,prop-2-enoic acid,C=CC(=O)O,NIXOWILDQLNWCW-UHFFFAOYSA-N,1
67-52-7,"1,3-diazinane-2,4,6-trione",O=C1CC(=O)NC(=O)N1,HNYOPLTXPVRDBG-UHFFFAOYSA-N,0
110553-27-0,"2-methyl-4,6-bis[(octylsulfanyl)methyl]phenol",CCCCCCCCSCc1cc(C)c(O)c(CSCCCCCCCC)c1,GAODDBNJCKQQDY-UHFFFAOYSA-N,0
1119-86-4,"decane-1,2-diol",CCCCCCCCC(O)CO,YSRSBDQINUMTIF-UHFFFAOYSA-N,1
52950-18-2,(2R)-2-(2-chlorophenyl)-2-hydroxyacetic acid,O=C(O)C(O)c1ccccc1Cl,RWOLDZZTBNYTMS-UHFFFAOYSA-N,0
13014-18-1,"2,4-dichloro-1-(trichloromethyl)benzene",Clc1ccc(C(Cl)(Cl)Cl)c(Cl)c1,KZSNBJMYJWDVTK-UHFFFAOYSA-N,1
1047637-37-5,-,CC(CCl)OP(=O)(OCC(CCl)(CCl)COP(=O)(OC(C)CCl)OC(C)CCl)OC(C)CCl,NQJUKCVIIGJHRZ-UHFFFAOYSA-N,0
2901-13-5,-,CCOC(=O)C(C)(C)c1ccccc1,OFYSAFPKXXTYLU-UHFFFAOYSA-N,0
1445870-18-7,-,CC(CC(=O)OCCN1C(C)(C)CC(OC(=O)CC(C)CC(C)(C)C)CC1(C)C)CC(C)(C)C,HAFKWVXPFIPBEJ-UHFFFAOYSA-N,1
25340-17-4,"1,2-diethylbenzene",CCc1ccccc1CC,KVNYFPKFSJIPBJ-UHFFFAOYSA-N,1
108-11-2,4-methylpentan-2-ol,CC(C)CC(C)O,WVYWICLMDOOCFB-UHFFFAOYSA-N,1
19900-69-7,"4-{[4-amino-3,5-bis(propan-2-yl)phenyl]methyl}-2,6-bis(propan-2-yl)aniline",CC(C)c1cc(Cc2cc(C(C)C)c(N)c(C(C)C)c2)cc(C(C)C)c1N,KZTROCYBPMKGAW-UHFFFAOYSA-N,0
111-87-5,octan-1-ol,CCCCCCCCO,KBPLFHHGFOOTCA-UHFFFAOYSA-N,0
10508-09-5,2-methyl-2-[(2-methylbutan-2-yl)peroxy]butane,CCC(C)(C)OOC(C)(C)CC,JJRDRFZYKKFYMO-UHFFFAOYSA-N,1
132961-05-8,unnamed [132961-05-8],Cc1nc2n(c(=O)c1CCN1CCC(C(=NO)c3ccc(F)cc3F)CC1)CCCC2,BRCINVRBDDVLDW-UHFFFAOYSA-N,0
220727-26-4,1-{[3-(triethoxysilyl)propyl]sulfanyl}octan-1-one,CCCCCCCC(=O)SCCC[Si](OCC)(OCC)OCC,JPPLPDOXWBVPCW-UHFFFAOYSA-N,0
4273-92-1,"(Z)-N-(4-chloro-2,5-dimethoxyphenyl)-3-hydroxynaphthalene-2-carboximidic acid",COc1cc(NC(=O)c2cc3ccccc3cc2O)c(OC)cc1Cl,QIHKTBRNOLQDGQ-UHFFFAOYSA-N,0
294-62-2,cyclododecane,C1CCCCCCCCCCC1,DDTBPAQBQHZRDW-UHFFFAOYSA-N,1
126-71-6,tris(2-methylpropyl) phosphate,CC(C)COP(=O)(OCC(C)C)OCC(C)C,HRKAMJBPFPHCSD-UHFFFAOYSA-N,0
1072-68-0,-,Cc1cnn(C)c1,SZQCPPRPWDXLMM-UHFFFAOYSA-N,0
6408-72-6,"1,4-diamino-2,3-diphenoxy-9,10-dihydroanthracene-9,10-dione",Nc1c(Oc2ccccc2)c(Oc2ccccc2)c(N)c2c1C(=O)c1ccccc1C2=O,NZTGGRGGJFCKGG-UHFFFAOYSA-N,0
26576-46-5,"3-oxo-N-(2-oxo-2,3-dihydro-1H-1,3-benzodiazol-5-yl)butanamide",CC(=O)CC(=O)Nc1ccc2[nH]c(=O)[nH]c2c1,VEMDQCGHZNXORX-UHFFFAOYSA-N,0
84605-29-8,"Phosphorodithioic acid, mixed O,O-bis(1,3-dimethylbutyl and iso-Pr) esters, zinc salts",CC(C)CC(C)OP(=S)(S)OC(C)C,UAXMPVJRTGNEPS-UHFFFAOYSA-N,1
13162-05-5,N-ethenylformamide,C=CNC=O,ZQXSMRAEXCEDJD-UHFFFAOYSA-N,0
6610-29-3,N-methylhydrazinecarbothioamide,CNC(=S)NN,PTVZQOAHCSKAAS-UHFFFAOYSA-N,0
869-24-9,"2-chloro-N,N-diethylethanaminium chloride",CCN(CC)CCCl,YMDNODNLFSHHCV-UHFFFAOYSA-N,1
52722-86-8,"1-(2-hydroxyethyl)-2,2,6,6-tetramethylpiperidin-4-ol",CC1(C)CC(O)CC(C)(C)N1CCO,STEYNUVPFMIUOY-UHFFFAOYSA-N,0
142-96-1,"1,1'-oxydibutane",CCCCOCCCC,DURPTKYDGMDSBL-UHFFFAOYSA-N,0
1929-82-4,2-chloro-6-(trichloromethyl)pyridine,Clc1cccc(C(Cl)(Cl)Cl)n1,DCUJJWWUNKIJPH-UHFFFAOYSA-N,0
3457-61-2,[2-(tert-butylperoxy)propan-2-yl]benzene,CC(C)(C)OOC(C)(C)c1ccccc1,BIISIZOQPWZPPS-UHFFFAOYSA-N,0
78-50-2,trioctylphosphine oxide,CCCCCCCCP(=O)(CCCCCCCC)CCCCCCCC,ZMBHCYHQLYEYDV-UHFFFAOYSA-N,1
94-91-7,2-[(1Z)-({2-[(E)-[(2-hydroxyphenyl)methylidene]amino]propyl}imino)methyl]phenol,CC(CN=Cc1ccccc1O)N=Cc1ccccc1O,RURPJGZXBHYNEM-UHFFFAOYSA-N,0
861229-15-4,2-ethylhexyl 2-(4-chloro-2-methylphenoxy)propanoate,CCCCC(CC)COC(=O)C(C)Oc1ccc(Cl)cc1C,NWTKQOOQEPXMMW-UHFFFAOYSA-N,0
138624-11-0,unnamed [138624-11-0],NCCCC(O)(P(=O)(O)O)P(=O)(O)O,OGSPWJRAVKPPFI-UHFFFAOYSA-N,1
68937-75-7,"Fatty acids, C8-10",CCCCCCCCC(=O)O,FBUKVWPVBMHYJY-UHFFFAOYSA-N,1
5280-80-8,"4-chloro-N-(5-chloro-2-methylphenyl)-3-[(E)-2-{1-[(4-{2-[(E)-2-{2-chloro-5-[(5-chloro-2-methylphenyl)carbamoyl]phenyl}diazen-1-yl]-3-oxobutanamido}-2,5-dimethylphenyl)carbamoyl]-2-oxopropyl}diazen-1-yl]benzamide",CC(=O)/C(=N\Nc1cc(C(=O)Nc2cc(Cl)ccc2C)ccc1Cl)C(=O)Nc1cc(C)c(NC(=O)/C(=N/Nc2cc(C(=O)Nc3cc(Cl)ccc3C)ccc2Cl)C(C)=O)cc1C,HNWIFZAFJYZQGN-FVBLWZQFSA-N,0
19351-18-9,"2,2-dimethyl-1,3-thiazolidine",CC1(C)NCCS1,SNPQRYOQWLOTFA-UHFFFAOYSA-N,1
147118-40-9,unnamed [147118-40-9],COC(=O)CC(O)CC(O)C=Cc1c(-c2ccc(F)cc2)nc(N(C)S(C)(=O)=O)nc1C(C)C,SUTPUCLJAVPJRS-UHFFFAOYSA-N,0
68783-41-5,"10,11-dioctylicosanedioic acid; 8-[2-(7-carboxyheptyl)-5,6-dipentyl-decahydronaphthalen-1-yl]octanoic acid; 9-[6-(8-carboxyoctyl)-2-heptyl-3-pentylcyclohexyl]nonanoic acid",O=[N+]([O-])c1ccc(O)c(CCl)c1,PJNPZIYGODMAQE-UHFFFAOYSA-N,0
100-40-3,4-ethenylcyclohex-1-ene,C=CC1CC=CCC1,BBDKZWKEPDTENS-UHFFFAOYSA-N,1
203448-76-4,unnamed [203448-76-4],CC(C)CC(C)c1ccccc1N,LPZZJKBLKQOBMZ-UHFFFAOYSA-N,0
62-23-7,4-nitrobenzoic acid,O=C(O)c1ccc([N+](=O)[O-])cc1,OTLNPYWUJOZPPA-UHFFFAOYSA-N,0
30618-84-9,"1,3-dihydroxypropan-2-yl 2-sulfanylacetate 2,3-dihydroxypropyl 2-sulfanylacetate",O=C(CS)OCC(O)CO,DOGJSOZYUGJVKS-UHFFFAOYSA-N,0
110-43-0,heptan-2-one,CCCCCC(C)=O,CATSNJVOTSVZJV-UHFFFAOYSA-N,1
88-66-4,1-chloro-2-(dichloromethyl)benzene,Clc1ccccc1C(Cl)Cl,BXSVYGKOUULJCL-UHFFFAOYSA-N,1
99-97-8,"N,N,4-trimethylaniline",Cc1ccc(N(C)C)cc1,GYVGXEWAOAAJEU-UHFFFAOYSA-N,0
3618-73-3,"2-{[2-(acetyloxy)ethyl]({4-[(E)-2-(2-chloro-4,6-dinitrophenyl)diazen-1-yl]-5-acetamido-2-methoxyphenyl})amino}ethyl acetate",COc1cc(N=Nc2c(Cl)cc([N+](=O)[O-])cc2[N+](=O)[O-])c(NC(C)=O)cc1N(CCOC(C)=O)CCOC(C)=O,VRTQJBZLCYJJCI-UHFFFAOYSA-N,0
6440-58-0,"1,3-bis(hydroxymethyl)-5,5-dimethylimidazolidine-2,4-dione",CC1(C)C(=O)N(CO)C(=O)N1CO,WSDISUOETYTPRL-UHFFFAOYSA-N,0
64354-92-3,"3-[(2,2,3,4,4-pentamethylpentan-3-yl)oxy]propanenitrile; 3-[(2,3,3,4,4-pentamethylpentan-2-yl)oxy]propanenitrile; 3-[(3,4,4,5-tetramethylhexan-3-yl)oxy]propanenitrile; 3-[(3,4-diethylhexan-3-yl)oxy]propanenitrile; 3-[(8-methylnonyl)oxy]propanenitrile",CC(C)CCCCCCCOCCC#N,XDCQMQXLBGPTHH-UHFFFAOYSA-N,0
98-15-7,1-chloro-3-(trifluoromethyl)benzene,FC(F)(F)c1cccc(Cl)c1,YTCGOUNVIAWCMG-UHFFFAOYSA-N,1
1745-89-7,4-{1-[4-hydroxy-3-(prop-2-en-1-yl)phenyl]propyl}-2-(prop-2-en-1-yl)phenol,C=CCc1cc(C(C)(C)c2ccc(O)c(CC=C)c2)ccc1O,WOCGGVRGNIEDSZ-UHFFFAOYSA-N,1
110-91-8,morpholine,C1COCCN1,YNAVUWVOSKDBBP-UHFFFAOYSA-N,1
256-96-2,"2-azatricyclo[9.4.0.0????,??????]pentadeca-1(11),3,5,7,9,12,14-heptaene",C1=Cc2ccccc2Nc2ccccc21,LCGTWRLJTMHIQZ-UHFFFAOYSA-N,0
108-42-9,3-chloroaniline,Nc1cccc(Cl)c1,PNPCRKVUWYDDST-UHFFFAOYSA-N,0
67014-36-2,"5-amino-6-methyl-2,3-dihydro-1H-1,3-benzodiazol-2-one",Cc1cc2[nH]c(=O)[nH]c2cc1N,ZCXIPVIGYBHUTQ-UHFFFAOYSA-N,0
1041-00-5,"2,2'-vinylenebis[5-methylbenzoxazole]",Cc1ccc2oc(C=Cc3nc4cc(C)ccc4o3)nc2c1,VKRZNAWSCAUDRQ-UHFFFAOYSA-N,0
53179-11-6,"4-[4-(4-chlorophenyl)-4-hydroxypiperidin-1-yl]-N,N-dimethyl-2,2-diphenylbutanamide",CN(C)C(=O)C(CCN1CCC(O)(c2ccc(Cl)cc2)CC1)(c1ccccc1)c1ccccc1,RDOIQAHITMMDAJ-UHFFFAOYSA-N,0
540-10-3,hexadecyl hexadecanoate,CCCCCCCCCCCCCCCCOC(=O)CCCCCCCCCCCCCCC,PXDJXZJSCPSGGI-UHFFFAOYSA-N,0
106-95-6,3-bromoprop-1-ene,C=CCBr,BHELZAPQIKSEDF-UHFFFAOYSA-N,1
7237-83-4,"tris(oxiran-2-ylmethyl) benzene-1,2,4-tricarboxylate",O=C(OCC1CO1)c1ccc(C(=O)OCC2CO2)c(C(=O)OCC2CO2)c1,YNOWBNNLZSSIHM-UHFFFAOYSA-N,0
1671-49-4,4-methanesulfonyl-1-methyl-2-nitrobenzene,Cc1ccc(S(C)(=O)=O)cc1[N+](=O)[O-],OXBDLEXAVKAJFD-UHFFFAOYSA-N,0
63141-09-3,-,CC(=O)C1(Cl)CC1,KADOHHPNWMXGNG-UHFFFAOYSA-N,0
27776-01-8,1-benzyl-2-methylbenzene,Cc1ccccc1Cc1ccccc1,PQTAUFTUHHRKSS-UHFFFAOYSA-N,1
141-05-9,diethyl but-2-enedioate,CCOC(=O)C=CC(=O)OCC,IEPRKVQEAMIZSS-UHFFFAOYSA-N,0
85187-23-1,"1,3,5-triisopropyl-2,4-dinitrobenzene",CC(C)c1cc(C(C)C)c([N+](=O)[O-])c(C(C)C)c1[N+](=O)[O-],NGJYAFYAFKBGRH-UHFFFAOYSA-N,0
107-41-5,"2-methylpentane-2,4-diol",CC(O)CC(C)(C)O,SVTBMSDMJJWYQN-UHFFFAOYSA-N,0
618-88-2,"5-nitrobenzene-1,3-dicarboxylic acid",O=C(O)c1cc(C(=O)O)cc([N+](=O)[O-])c1,NBDAHKQJXVLAID-UHFFFAOYSA-N,0
80-09-1,4-(4-hydroxybenzenesulfonyl)phenol,O=S(=O)(c1ccc(O)cc1)c1ccc(O)cc1,VPWNQTHUCYMVMZ-UHFFFAOYSA-N,0
145783-14-8,"4,6-dichloro-5-nitro-2-(propylsulfanyl)pyrimidine",CCCSc1nc(Cl)c([N+](=O)[O-])c(Cl)n1,DDEDQHVHVPJFAC-UHFFFAOYSA-N,1
27247-96-7,2-ethylhexyl nitrate,CCCCC(CC)CO[N+](=O)[O-],NKRVGWFEFKCZAP-UHFFFAOYSA-N,0
4488-57-7,"tricyclo[5.2.1.0????,??????]dec-3-ene",C1=CC2C3CCC(C3)C2C1,HANKSFAYJLDDKP-UHFFFAOYSA-N,1
13361-34-7,2-ethylhexyl cyanoacetate,CCCCC(CC)COC(=O)CC#N,ZNYBQVBNSXLZNI-UHFFFAOYSA-N,0
998-30-1,triethoxysilane,CCO[Si](OCC)OCC,PKDCQJMRWCHQOH-UHFFFAOYSA-N,1
34396-03-7,"trimethoxy(2,4,4-trimethylpentyl)silane",CO[Si](CC(C)CC(C)(C)C)(OC)OC,UWSYCPWEBZRZNJ-UHFFFAOYSA-N,0
97-86-9,2-methylpropyl 2-methylprop-2-enoate,C=C(C)C(=O)OCC(C)C,RUMACXVDVNRZJZ-UHFFFAOYSA-N,0
126990-35-0,dicyclopentyldimethoxysilane,CO[Si](OC)(C1CCCC1)C1CCCC1,JWCYDYZLEAQGJJ-UHFFFAOYSA-N,1
867-13-0,ethyl 2-(diethoxyphosphoryl)acetate,CCOC(=O)CP(=O)(OCC)OCC,GGUBFICZYGKNTD-UHFFFAOYSA-N,0
93819-94-4,"2,6-bis(butan-2-yloxy)-2,6-bis[(6-methylheptyl)oxy]-1????????-thia-3????????-thia-5????????-thia-7????????-thia-2??????????,6??????????-diphospha-4-zincaspiro[3.3]hepta-2,6-diene-4,4-bis(ylium)-1,5-diide",CCC(C)OP(=S)(S)OCCCCCC(C)C,LPEQNMKNSKSCGZ-UHFFFAOYSA-N,1
75490-39-0,-,CC(CC(C)(C)C#N)c1ccccc1,GWCCFAFCQHECBM-UHFFFAOYSA-N,0
5372-81-6,"1,4-dimethyl 2-aminobenzene-1,4-dicarboxylate",COC(=O)c1ccc(C(=O)OC)c(N)c1,DSSKDXUDARIMTR-UHFFFAOYSA-N,0
96-33-3,methyl prop-2-enoate,C=CC(=O)OC,BAPJBEWLBFYGME-UHFFFAOYSA-N,1
1099648-69-7,unnamed [1099648-69-7],CCC(CC)C1CC(C)(O)CCO1,SGDHXQQFXPKEGL-UHFFFAOYSA-N,0
144-15-0,"tris(2-ethylhexyl) 2-acetoxypropane-1,2,3-tricarboxylate",CCCCC(CC)COC(=O)CC(CC(=O)OCC(CC)CCCC)(OC(C)=O)C(=O)OCC(CC)CCCC,FRDNONBEXWDRDM-UHFFFAOYSA-N,0
6271-80-3,unnamed [6271-80-3],O=[N+]([O-])c1ccccc1-c1ccc(Cl)cc1,OMNWKPZIFZJANV-UHFFFAOYSA-N,0
27610-92-0,2-butyloctanoic acid,CCCCCCC(CCCC)C(=O)O,OARDBPIZDHVTCK-UHFFFAOYSA-N,0
22174-70-5,2-ethyl-1-{[(2-ethylhexyl)oxy]methoxy}hexane,CCCCC(CC)COCOCC(CC)CCCC,QPIWJVQXEMCELO-UHFFFAOYSA-N,0
1928-56-9,unnamed [1928-56-9],COC(=O)COc1cccc(Cl)c1Cl,RHXWOFSSGKIUOH-UHFFFAOYSA-N,0
101-54-2,"1-N-phenylbenzene-1,4-diamine",Nc1ccc(Nc2ccccc2)cc1,ATGUVEKSASEFFO-UHFFFAOYSA-N,0
124-22-1,dodecan-1-amine,CCCCCCCCCCCCN,JRBPAEWTRLWTQC-UHFFFAOYSA-N,1
10528-67-3,4-cyclohexylbutan-2-ol,CC(O)CCC1CCCCC1,ZBLQQRZVKHLRBF-UHFFFAOYSA-N,1
3891-98-3,"2,6,10-trimethyldodecane",CCC(C)CCCC(C)CCCC(C)C,YFHFHLSMISYUAQ-UHFFFAOYSA-N,0
134652-60-1,-,C=C(C)C(=O)O[Si](C(C)C)(C(C)C)C(C)C,KNNOZYMZRGTZQM-UHFFFAOYSA-N,0
93685-80-4,-,CCCCCCCCCCCCCC(C)C,BANXPJUEBPWEOT-UHFFFAOYSA-N,0
874195-61-6,-,COc1nc(OC)nc(C(=O)c2cccc(F)c2N(C)S(=O)(=O)C(F)F)n1,GBHVIWKSEHWFDD-UHFFFAOYSA-N,0
28961-43-5,"Propylidynetrimethanol, ethoxylated, esters with acrylic acid",C=CC(=O)OCCOCC(CC)(COCCOC(=O)C=C)COCCOC(=O)C=C,MTPIZGPBYCHTGQ-UHFFFAOYSA-N,0
76950-43-1,"1,4-diazabicyclo[2.2.2]octan-2-ylmethanol",OCC1CN2CCN1CC2,MPJZCYUPWINKPK-UHFFFAOYSA-N,0
381209-09-2,1-(2-ethylbutyl)cyclohexane-1-carboxylic acid,CCC(CC)CC1(C(=O)O)CCCCC1,XRKJBJLXKLOLKS-UHFFFAOYSA-N,0
95-76-1,"3,4-dichloroaniline",Nc1ccc(Cl)c(Cl)c1,SDYWXFYBZPNOFX-UHFFFAOYSA-N,0
39066-18-7,-,O=C(CCl)c1ccc(O)c(Cl)c1,YCAQBCPDPOPUMU-UHFFFAOYSA-N,1
95-49-8,1-chloro-2-methylbenzene,Cc1ccccc1Cl,IBSQPLPBRSHTTG-UHFFFAOYSA-N,0
110-15-6,butanedioic acid,O=C(O)CCC(=O)O,KDYFGRWQOYBRFD-UHFFFAOYSA-N,0
616-45-5,pyrrolidin-2-one,O=C1CCCN1,HNJBEVLQSNELDL-UHFFFAOYSA-N,0
125904-11-2,unnamed [125904-11-2],C=Cc1cc(Br)ccc1Br,KWVKCGGJLLNVSC-UHFFFAOYSA-N,1
6358-31-2,2-[(E)-2-(2-methoxy-4-nitrophenyl)diazen-1-yl]-N-(2-methoxyphenyl)-3-oxobutanamide,COc1cc([N+](=O)[O-])ccc1N/N=C(/C(C)=O)C(=O)Nc1ccccc1OC,KWEMUXODTDSRRP-FXBPSFAMSA-N,0
104-76-7,2-ethylhexan-1-ol,CCCCC(CC)CO,YIWUKEYIRIRTPP-UHFFFAOYSA-N,1
6390-69-8,-,CC(C)(C)c1cc(-c2cc(C(C)(C)C)cc(C(C)(C)C)c2O)c(O)c(C(C)(C)C)c1,GDGDLBOVIAWEAD-UHFFFAOYSA-N,0
1852-16-0,N-(butoxymethyl)prop-2-enamide,C=CC(=O)NCOCCCC,UTSYWKJYFPPRAP-UHFFFAOYSA-N,0
5102-83-0,"2-[(E)-2-(2-chloro-4-{3-chloro-4-[(E)-2-{1-[(2,4-dimethylphenyl)carbamoyl]-2-oxopropyl}diazen-1-yl]phenyl}phenyl)diazen-1-yl]-N-(2,4-dimethylphenyl)-3-oxobutanamide",CC(=O)/C(=N\Nc1ccc(-c2ccc(N/N=C(\C(C)=O)C(=O)Nc3ccc(C)cc3C)c(Cl)c2)cc1Cl)C(=O)Nc1ccc(C)cc1C,QWYLRRUZRFYUOL-WRFCJWBBSA-N,0
24544-08-9,"2,6-diethyl-4-methylaniline",CCc1cc(C)cc(CC)c1N,OIXUMNZGNCAOKY-UHFFFAOYSA-N,0
93803-87-3,-,CCCCCCCCCCC(CCCCCCCC)COC(=O)CCCCCCCCCCCCCCC(C)C,QNJOVLAFLJQFBF-UHFFFAOYSA-N,0
122-63-4,benzyl propanoate,CCC(=O)OCc1ccccc1,VHOMAPWVLKRQAZ-UHFFFAOYSA-N,0
68442-68-2,"Benzenamine, N-phenyl-, styrenated",CC(c1ccccc1)c1ccc(Nc2ccc(C(C)c3ccccc3)cc2)cc1,BRWSDEFCJGIRLV-UHFFFAOYSA-N,0
102-24-9,"trimethoxy-1,3,5,2,4,6-trioxatriborinane",COB1OB(OC)OB(OC)O1,ZFMOJHVRFMOIGF-UHFFFAOYSA-N,1
60-29-7,ethoxyethane,CCOCC,RTZKZFJDLAIYFH-UHFFFAOYSA-N,0
4645-32-3,dimethyl ethenylphosphonate,C=CP(=O)(OC)OC,CQCXMYUCNSJSKG-UHFFFAOYSA-N,0
27676-62-6,"tris[(3,5-di-tert-butyl-4-hydroxyphenyl)methyl]-1,3,5-triazinane-2,4,6-trione",CC(C)(C)c1cc(Cn2c(=O)n(Cc3cc(C(C)(C)C)c(O)c(C(C)(C)C)c3)c(=O)n(Cc3cc(C(C)(C)C)c(O)c(C(C)(C)C)c3)c2=O)cc(C(C)(C)C)c1O,VNQNXQYZMPJLQX-UHFFFAOYSA-N,0
109-87-5,dimethoxymethane,COCOC,NKDDWNXOKDWJAK-UHFFFAOYSA-N,0
1416808-92-8,-,O=CC1=C(Cl)C(C=O)CCC1,LRJWYIUXHTVYCT-UHFFFAOYSA-N,1
19406-86-1,3-amino-4-methylbenzamide,Cc1ccc(C(N)=O)cc1N,VYBKAZXQKUFAHG-UHFFFAOYSA-N,0
111-17-1,3-[(2-carboxyethyl)sulfanyl]propanoic acid,O=C(O)CCSCCC(=O)O,ODJQKYXPKWQWNK-UHFFFAOYSA-N,0
162881-26-7,"[phenyl(2,4,6-trimethylbenzoyl)phosphoryl](2,4,6-trimethylphenyl)methanone",C=c1cc(C)cc(C)/c1=C(\O)P(=O)(/C(O)=c1\c(C)cc(C)cc1=C)c1ccccc1,KQDKVPMUWGLEIY-MJPLYFDISA-N,0
71604-74-5,"3-(oxiran-2-ylmethoxy)-N,N-bis(oxiran-2-ylmethyl)aniline",c1cc(OCC2CO2)cc(N(CC2CO2)CC2CO2)c1,VAGOJLCWTUPBKD-UHFFFAOYSA-N,0
14214-31-4,-,C=C(Cl)CN=C=S,DGBFPSVUFUDQNA-UHFFFAOYSA-N,1
109-65-9,1-bromobutane,CCCCBr,MPPPKRYCTPRNTB-UHFFFAOYSA-N,1
16415-12-6,hexadecyl(trimethoxy)silane,CCCCCCCCCCCCCCCC[Si](OC)(OC)OC,RSKGMYDENCAJEN-UHFFFAOYSA-N,0
149968-48-9,-,CCCCCCCCC=CCCCCCCCCCCCC(=O)NCCCN(C)C,AOKZLBCDXJYXOK-UHFFFAOYSA-N,1
85251-77-0,"Glycerides, C16-18 mono- and di-",CCCCCCCCCCCCCCCCCC(=O)OC(CO)COC(=O)CCCCCCCCCCCCCCC,ONCLVQFEAFTXMN-UHFFFAOYSA-N,0
26040-51-7,"bis(2-ethylhexyl) 3,4,5,6-tetrabromophthalate",CCCCC(CC)COC(=O)c1c(Br)c(Br)c(Br)c(Br)c1C(=O)OCC(CC)CCCC,UUEDINPOVKWVAZ-UHFFFAOYSA-N,0
61788-89-4,unnamed [61788-89-4],CCCCCC=CCCC(CCCCCCCC(=O)O)C(CCCCCCCC)CCCCCCCCC(=O)O,AMOKUAKXKXBFIW-UHFFFAOYSA-N,0
5614-37-9,methoxycyclopentane,COC1CCCC1,SKTCDJAMAYNROS-UHFFFAOYSA-N,1
855425-38-6,1-(2-ethylbutyl)cyclohexane-1-carbonitrile,CCC(CC)CC1(C)CCCCC1,HIJMYZPXTIYZKV-UHFFFAOYSA-N,1
29911-28-2,1-[(1-butoxypropan-2-yl)oxy]propan-2-ol,CCCCOCC(C)OCC(C)O,CUVLMZNMSPJDON-UHFFFAOYSA-N,0
112-53-8,dodecan-1-ol,CCCCCCCCCCCCO,LQZZUXJYWNFBMV-UHFFFAOYSA-N,0
83929-47-9,"methyl 4-[(2,5-dichlorophenyl)carbamoyl]-2-nitrobenzoate",COC(=O)c1ccc(C(=O)Nc2cc(Cl)ccc2Cl)cc1[N+](=O)[O-],BVBSCSYCFCDVEU-UHFFFAOYSA-N,0
2512-29-0,2-[(E)-2-(4-methyl-2-nitrophenyl)diazen-1-yl]-3-oxo-N-phenylbutanamide,CC(=O)/C(=N\Nc1ccc(C)cc1[N+](=O)[O-])C(=O)Nc1ccccc1,HNGMNLLISLJGIA-CAPFRKAQSA-N,0
2654-57-1,4-methyl-1-phenylpyrazolidin-3-one,CC1CN(c2ccccc2)NC1=O,ZZEYCGJAYIHIAZ-UHFFFAOYSA-N,0
106-68-3,octan-3-one,CCCCCC(=O)CC,RHLVCLIPMVJYKS-UHFFFAOYSA-N,1
2177-70-0,phenyl methacrylate,C=C(C)C(=O)Oc1ccccc1,QIWKUEJZZCOPFV-UHFFFAOYSA-N,0
38640-62-9,"1,2-bis(propan-2-yl)naphthalene",CC(C)c1cccc2c(C(C)C)cccc12,GFZWCYSEPXDDRI-UHFFFAOYSA-N,0
4058-30-4,"3,3'-[[4-[(2-chloro-4-nitrophenyl)azo]phenyl]imino]bis[propiononitrile]",N#CCCN(CCC#N)c1ccc(N=Nc2ccc([N+](=O)[O-])cc2Cl)cc1,ZXXVVTBKBDDTSE-UHFFFAOYSA-N,0
3508-98-3,-,CCCCC(C#N)c1ccccc1,OTERUZJEJFMEEB-UHFFFAOYSA-N,0
15667-10-4,"1,1-bis[(2-methylbutan-2-yl)peroxy]cyclohexane",CCC(C)(C)OOC1(OOC(C)(C)CC)CCCCC1,IMYCVFRTNVMHAD-UHFFFAOYSA-N,1
16111-62-9,3-({[({[(2-ethylhexyl)oxy]carbonyl}peroxy)carbonyl]oxy}methyl)heptane,CCCCC(CC)COC(=O)OOC(=O)OCC(CC)CCCC,ZACVGCNKGYYQHA-UHFFFAOYSA-N,1
108-86-1,bromobenzene,Brc1ccccc1,QARVLSVVCXYDNA-UHFFFAOYSA-N,1
10291-28-8,"2,5-bis[(4-methylphenyl)amino]terephthalic acid",Cc1ccc(Nc2cc(C(=O)O)c(Nc3ccc(C)cc3)cc2C(=O)O)cc1,FVLUGNOOEZYDNV-UHFFFAOYSA-N,0
13940-94-8,1-chloro-4-(dichloromethyl)benzene,Clc1ccc(C(Cl)Cl)cc1,VWHNJDGWDOQJRM-UHFFFAOYSA-N,1
131-53-3,2-(2-hydroxybenzoyl)-5-methoxyphenol,COc1ccc(C(=O)c2ccccc2O)c(O)c1,MEZZCSHVIGVWFI-UHFFFAOYSA-N,0
5831-80-1,"N,N-dibutyloctadec-9-enamide",CCCCCCCCC=CCCCCCCCC(=O)N(CCCC)CCCC,YMGHPIVBMBXPCR-UHFFFAOYSA-N,1
509-34-2,"3',6'-bis(diethylamino)-3H-spiro[2-benzofuran-1,9'-xanthene]-3-one",CCN(CC)c1ccc2c(c1)Oc1cc(N(CC)CC)ccc1C21OC(=O)c2ccccc21,DZNJMLVCIZGWSC-UHFFFAOYSA-N,0
16510-27-3,-,COc1ccc(CC2CC2)cc1,SHLSJFDJYSSUIP-UHFFFAOYSA-N,1
52625-13-5,"D-Glucitol, propoxylated",OCCCOCC(OCCCO)C(OCCCO)C(OCCCO)C(COCCCO)OCCCO,OJZGCEDLMNSDNY-UHFFFAOYSA-N,0
2896-70-0,ol,CC1(C)CC(=O)CC(C)(C)N1[O],WSGDRFHJFJRSFY-UHFFFAOYSA-N,0
94-99-5,"2,4-dichloro-1-(chloromethyl)benzene",ClCc1ccc(Cl)cc1Cl,IRSVDHPYXFLLDS-UHFFFAOYSA-N,0
438056-69-0,-,Nc1ccc(N2CCOCC2=O)cc1,MHCRLDZZHOVFEE-UHFFFAOYSA-N,0
10061-01-5,"1,3-dichloroprop-1-ene",ClC=CCCl,UOORRWUZONOOLO-UHFFFAOYSA-N,1
616-30-8,"3-aminopropane-1,2-diol",NCC(O)CO,KQIGMPWTAHJUMN-UHFFFAOYSA-N,1
78-08-0,ethenyltriethoxysilane,C=C[Si](OCC)(OCC)OCC,FWDBOZPQNFPOLF-UHFFFAOYSA-N,0
26175-68-8,"4-amino-2,5-dichloro-N,N-dimethylbenzenesulfonamide",CN(C)S(=O)(=O)c1cc(Cl)c(N)cc1Cl,RVDTXDMZBHZDCD-UHFFFAOYSA-N,0
117704-25-3,-,COC1CC(OC2C(C)OC(OC3C(C)=CCC4CC(CC5(C=CC(C)C(C6CCCCC6)O5)O4)OC(=O)C4C=C(C)C(O)C5OCC(=CC=CC3C)C45O)CC2OC)OC(C)C1O,QLFZZSKTJWDQOS-UHFFFAOYSA-N,0
75-56-9,2-methyloxirane,CC1CO1,GOOHAUXETOMSMM-UHFFFAOYSA-N,0
445-03-4,4-chloro-2-(trifluoromethyl)aniline,Nc1ccc(Cl)cc1C(F)(F)F,CVINWVPRKDIGLL-UHFFFAOYSA-N,1
119895-68-0,-,O=Cc1cccc2c1OC(F)(F)O2,NIBFJPXGNVPNHK-UHFFFAOYSA-N,0
29920-31-8,"1,3-dimethyl 5-[(E)-2-{2-oxo-1-[(2-oxo-2,3-dihydro-1H-1,3-benzodiazol-5-yl)carbamoyl]propyl}diazen-1-yl]benzene-1,3-dicarboxylate",COC(=O)c1cc(N/N=C(\C(C)=O)C(=O)Nc2ccc3[nH]c(=O)[nH]c3c2)cc(C(=O)OC)c1,WKIRAGSPOUYDNQ-YZSQISJMSA-N,0
68-26-8,retinol,CC(C=CC1=C(C)CCCC1(C)C)=CC=CC(C)=CCO,FPIPGXGPPPQFEQ-UHFFFAOYSA-N,1
10563-29-8,(3-aminopropyl)[3-(dimethylamino)propyl]amine,CN(C)CCCNCCCN,OMKZWUPRGQMQJC-UHFFFAOYSA-N,1
17980-47-1,triethoxy(2-methylpropyl)silane,CCO[Si](CC(C)C)(OCC)OCC,ALVYUZIFSCKIFP-UHFFFAOYSA-N,1
153719-38-1,"3-methyl-N-nitro-3,6-dihydro-2H-1,3,5-oxadiazin-4-amine",CN1COCNC1=N[N+](=O)[O-],GAYLOVDFGKQKCJ-UHFFFAOYSA-N,0
79710-86-4,-,O=CC1CCOC1,GSUBXIVOZXWGKF-UHFFFAOYSA-N,0
106-02-5,oxacyclohexadecan-2-one,O=C1CCCCCCCCCCCCCCO1,FKUPPRZPSYCDRS-UHFFFAOYSA-N,1
2873-97-4,N-(2-methyl-4-oxopentan-2-yl)prop-2-enamide,C=CC(=O)NC(C)(C)CC(C)=O,OMNKZBIFPJNNIO-UHFFFAOYSA-N,0
68015-93-0,octadec-2-enylsuccinic acid,CCCCCCCCCCCCCCCC=CCC(CC(=O)O)C(=O)O,OVQJAEGJPUEXQD-UHFFFAOYSA-N,0
944129-07-1,-,COc1c(Cl)ccc(B(O)O)c1F,GDJCQSNQOHRAGY-UHFFFAOYSA-N,0
92-70-6,3-hydroxynaphthalene-2-carboxylic acid,O=C(O)c1cc2ccccc2cc1O,ALKYHXVLJMQRLQ-UHFFFAOYSA-N,0
143-07-7,dodecanoic acid,CCCCCCCCCCCC(=O)O,POULHZVOKOAJMA-UHFFFAOYSA-N,0
122795-41-9,-,CCC1CC2CC1CC2OC,UNUPWPQAAUTOII-UHFFFAOYSA-N,1
873-32-5,2-chlorobenzonitrile,N#Cc1ccccc1Cl,NHWQMJMIYICNBP-UHFFFAOYSA-N,0
4433-79-8,"N-(4-chloro-2,5-dimethoxyphenyl)-3-oxobutanamide",COc1cc(NC(=O)CC(C)=O)c(OC)cc1Cl,MOUVJGIRLPZEES-UHFFFAOYSA-N,0
922165-31-9,-,CCOCCOCCOC(=O)C1CCC(C(=O)OCCOCCOCC)CC1,JNFDQAYPZCYWLD-UHFFFAOYSA-N,0
1254940-85-6,-,CC(C)CC1CCC(CCC=O)CC1,XUTZHJNXAOHUTM-UHFFFAOYSA-N,0
2215-35-2,"zinc O,O,O',O'-tetrakis(1,3-dimethylbutyl) bis(phosphorodithioate)",CC(C)CC(C)OP(=S)(S)OC(C)CC(C)C,KGYKKBGZPGVFOS-UHFFFAOYSA-N,1
61791-12-6,"Castor oil, ethoxylated",NC(=O)OC(CCl)CCl,JMNCUXPHXKHBPY-UHFFFAOYSA-N,0
75-04-7,ethanamine,CCN,QUSNBJAOOMFDIB-UHFFFAOYSA-N,1
79-77-6,"4-(2,6,6-trimethylcyclohex-1-en-1-yl)but-3-en-2-one",CC(=O)C=CC1=C(C)CCCC1(C)C,PSQYTAPXSHCGMF-UHFFFAOYSA-N,0
38109-77-2,-,CCOC(=O)/C(C)=C/N,ZUBMZHJPTYYMRG-SNAWJCMRSA-N,1
143390-89-0,-,CON=C(C(=O)OC)c1ccccc1COc1ccccc1C,ZOTBXTZVPHCKPN-UHFFFAOYSA-N,0
5437-98-9,N-(4-methoxyphenyl)-3-oxobutanamide,COc1ccc(NC(=O)CC(C)=O)cc1,SWAJJKROCOJICG-UHFFFAOYSA-N,0
540-88-5,tert-butyl acetate,CC(=O)OC(C)(C)C,WMOVHXAZOJBABW-UHFFFAOYSA-N,0
1119-40-0,"1,5-dimethyl pentanedioate",COC(=O)CCCC(=O)OC,XTDYIOOONNVFMA-UHFFFAOYSA-N,0
999-21-3,"1,4-bis(prop-2-en-1-yl) (2Z)-but-2-enedioate",C=CCOC(=O)C=CC(=O)OCC=C,ZPOLOEWJWXZUSP-UHFFFAOYSA-N,0
3467-59-2,"N-(2,5-dimethoxyphenyl)acetamide",COc1ccc(OC)c(NC(C)=O)c1,HOZRMSVNIKYCMB-UHFFFAOYSA-N,0
3069-42-9,trimethoxy(octadecyl)silane,CCCCCCCCCCCCCCCCCC[Si](OC)(OC)OC,SLYCYWCVSGPDFR-UHFFFAOYSA-N,0
620-67-7,"1,3-bis(heptanoyloxy)propan-2-yl heptanoate",CCCCCCC(=O)OCC(COC(=O)CCCCCC)OC(=O)CCCCCC,PJHKBYALYHRYSK-UHFFFAOYSA-N,1
2144-53-8,"3,3,4,4,5,5,6,6,7,7,8,8,8-tridecafluorooctyl 2-methylprop-2-enoate",C=C(C)C(=O)OCCC(F)(F)C(F)(F)C(F)(F)C(F)(F)C(F)(F)C(F)(F)F,CDXFIRXEAJABAZ-UHFFFAOYSA-N,0
219715-41-0,-,COc1nccc(C(F)(F)F)c1S(=O)(=O)Cl,DMKFWTCEKLNOKK-UHFFFAOYSA-N,1
847565-09-7,-,CC1CCC(C(C)C)C(C(=O)NCCc2ccccn2)C1,WXABJFUNSDXVNH-UHFFFAOYSA-N,0
23410-40-4,N-[3-(dimethoxymethylsilyl)-2-methylpropyl]ethylenediamine,CO[Si](C)(CC(C)CNCCN)OC,HXDMXWXYZHDHLS-UHFFFAOYSA-N,0
22483-09-6,"2,2-dimethoxyethan-1-amine",COC(CN)OC,QKWWDTYDYOFRJL-UHFFFAOYSA-N,1
2403-88-5,"2,2,6,6-tetramethylpiperidin-4-ol",CC1(C)CC(O)CC(C)(C)N1,VDVUCLWJZJHFAV-UHFFFAOYSA-N,1
111-64-8,octanoyl chloride,CCCCCCCC(=O)Cl,REEZZSHJLXOIHL-UHFFFAOYSA-N,1
163520-33-0,"ethyl 5,5-diphenyl-4,5-dihydro-1,2-oxazole-3-carboxylate",CCOC(=O)C1=NOC(c2ccccc2)(c2ccccc2)C1,MWKVXOJATACCCH-UHFFFAOYSA-N,0
19444-21-4,-,C=CCOC(=O)C(C)(C)O,CTQMWJKOPOFOSX-UHFFFAOYSA-N,0
6846-50-0,"2,2,4-trimethyl-1-[(2-methylpropanoyl)oxy]pentan-3-yl 2-methylpropanoate",CC(C)C(=O)OCC(C)(C)C(OC(=O)C(C)C)C(C)C,OMVSWZDEEGIJJI-UHFFFAOYSA-N,0
10305-38-1,-,CCCCCCOC(CO)CO,PXWAQUODOTWYMT-UHFFFAOYSA-N,0
1155-56-2,1-benzyl-N-phenylpiperidin-4-amine,c1ccc(CN2CCC(Nc3ccccc3)CC2)cc1,FSXGJIFBTBJMHV-UHFFFAOYSA-N,0
2162-73-4,"2,4-diisocyanato-1,3,5-triisopropylbenzene",CC(C)c1cc(C(C)C)c(N=C=O)c(C(C)C)c1N=C=O,AZAKSPACDDRBQB-UHFFFAOYSA-N,0
1121-60-4,pyridine-2-carbaldehyde,O=Cc1ccccn1,CSDSSGBPEUDDEE-UHFFFAOYSA-N,1
830-13-7,cyclododecanone,O=C1CCCCCCCCCCC1,SXVPOSFURRDKBO-UHFFFAOYSA-N,0
26848-40-8,"3-hydroxy-N-(2-oxo-2,3-dihydro-1H-1,3-benzodiazol-5-yl)naphthalene-2-carboxamide",O=C(Nc1ccc2[nH]c(=O)[nH]c2c1)c1cc2ccccc2cc1O,QSDHDEWDUFYUCO-UHFFFAOYSA-N,0
83857-96-9,2-butyl-4-chloro-1H-imidazole-5-carbaldehyde,CCCCc1nc(Cl)c(C=O)[nH]1,JLVIHQCWASNXCK-UHFFFAOYSA-N,0
91-66-7,"N,N-diethylaniline",CCN(CC)c1ccccc1,GGSUCNLOZRCGPQ-UHFFFAOYSA-N,1
93-83-4,"(9Z)-N,N-bis(2-hydroxyethyl)octadec-9-enamide",CCCCCCCCC=CCCCCCCCC(=O)N(CCO)CCO,LPMBTLLQQJBUOO-UHFFFAOYSA-N,1
51920-12-8,"3-hydroxy-4-[(E)-2-[2-methoxy-5-methyl-4-(methylsulfamoyl)phenyl]diazen-1-yl]-N-(2-oxo-2,3-dihydro-1H-1,3-benzodiazol-5-yl)naphthalene-2-carboxamide",CNS(=O)(=O)c1cc(OC)c(N=Nc2c(O)c(C(=O)Nc3ccc4[nH]c(=O)[nH]c4c3)cc3ccccc23)cc1C,YKGGTUUWVUHZIL-UHFFFAOYSA-N,0
142-90-5,dodecyl 2-methylprop-2-enoate,C=C(C)C(=O)OCCCCCCCCCCCC,GMSCBRSQMRDRCD-UHFFFAOYSA-N,0
70851-50-2,dimethoxymethyloctadecylsilane,CCCCCCCCCCCCCCCCCC[Si](C)(OC)OC,UBCPEZPOCJYHPM-UHFFFAOYSA-N,0
461-72-3,"imidazolidine-2,4-dione",O=C1CNC(=O)N1,WJRBRSLFGCUECM-UHFFFAOYSA-N,0
2370-63-0,2-ethoxyethyl 2-methylprop-2-enoate,C=C(C)C(=O)OCCOCC,SFPNZPQIIAJXGL-UHFFFAOYSA-N,1
1001320-38-2,-,CCCCOC(=O)NC(=S)SCCCC,IMEBVVBPRQAYFY-UHFFFAOYSA-N,0
1193-24-4,"6-hydroxy-1,4-dihydropyrimidin-4-one",O=c1cc(O)[nH]cn1,DUFGYCAXVIUXIP-UHFFFAOYSA-N,0
165184-98-5,unnamed [165184-98-5],CCCCCCC(C=O)=Cc1ccccc1,GUUHFMWKWLOQMM-UHFFFAOYSA-N,1
7069-42-3,O~15~-propionylretinoic acid,CCC(=O)OCC=C(C)C=CC=C(C)C=CC1=C(C)CCCC1(C)C,SFRPDSKECHTFQA-UHFFFAOYSA-N,1
5124-25-4,3-nitro-N-phenyl-4-(phenylamino)benzene-1-sulfonamide,O=[N+]([O-])c1cc(S(=O)(=O)Nc2ccccc2)ccc1Nc1ccccc1,BBFRYSKTTHYWQZ-UHFFFAOYSA-N,0
108-74-7,"1,3,5-trimethyl-1,3,5-triazinane",CN1CN(C)CN(C)C1,DPMZXMBOYHBELT-UHFFFAOYSA-N,1
108-05-4,ethenyl acetate,C=COC(C)=O,XTXRWKRVRITETP-UHFFFAOYSA-N,0
769-78-8,ethenyl benzoate,C=COC(=O)c1ccccc1,KOZCZZVUFDCZGG-UHFFFAOYSA-N,1
5089-70-3,(3-chloropropyl)triethoxysilane,CCO[Si](CCCCl)(OCC)OCC,KSCAZPYHLGGNPZ-UHFFFAOYSA-N,0
12225-06-8,"3-hydroxy-4-[(E)-2-[2-methoxy-5-(phenylcarbamoyl)phenyl]diazen-1-yl]-N-(2-oxo-2,3-dihydro-1H-1,3-benzodiazol-5-yl)naphthalene-2-carboxamide",COc1ccc(C(=O)Nc2ccccc2)cc1N=Nc1c(O)c(C(=O)Nc2ccc3[nH]c(=O)[nH]c3c2)cc2ccccc12,LOGJDHWBDGLMNO-UHFFFAOYSA-N,0
866607-35-4,-,CC(=O)OCC1OC(c2ccc(C)c(Cc3ccc(-c4ccc(F)cc4)s3)c2)C(OC(C)=O)C(OC(C)=O)C1OC(C)=O,XYBGJUIUCFENGS-UHFFFAOYSA-N,0
5131-66-8,1-butoxypropan-2-ol,CCCCOCC(C)O,RWNUSVWFHDHRCJ-UHFFFAOYSA-N,1
873-69-8,(E)-N-(pyridin-2-ylmethylidene)hydroxylamine,O=NCc1ccccn1,NZNHTKNELYIQNB-UHFFFAOYSA-N,0
68457-79-4,"Phosphorodithioic acid, mixed O,O-bis(iso-Bu and pentyl) esters, zinc salts",CC(C)COP(=S)(S)OCC(C)C,SYFIMIPHNTZHIN-UHFFFAOYSA-N,1
68953-70-8,"Oxirane, reaction products with ammonia, distn. residues",C1CO1,IAYPIBMASNFSPL-UHFFFAOYSA-N,0
72291-30-6,unnamed [72291-30-6],COC(=O)C(C)(C)C#N,TZPHOIMASXVLQZ-UHFFFAOYSA-N,0
15267-95-5,(chloromethyl)(triethoxy)silane,CCO[Si](CCl)(OCC)OCC,ZDOBWJOCPDIBRZ-UHFFFAOYSA-N,0
40618-31-3,"N-(2,5-dichloro-4-{4-[(E)-2-(2,5-dichlorophenyl)diazen-1-yl]-3-hydroxynaphthalene-2-amido}phenyl)-4-[(E)-2-(2,5-dichlorophenyl)diazen-1-yl]-3-hydroxynaphthalene-2-carboxamide",O=C(Nc1cc(Cl)c(NC(=O)c2cc3ccccc3c(N=Nc3cc(Cl)ccc3Cl)c2O)cc1Cl)c1cc2ccccc2c(N=Nc2cc(Cl)ccc2Cl)c1O,BNOJIFCMRRONPS-UHFFFAOYSA-N,0
141-10-6,"6,10-dimethylundeca-3,5,9-trien-2-one",CC(=O)C=CC=C(C)CCC=C(C)C,JXJIQCXXJGRKRJ-UHFFFAOYSA-N,1
4369-14-6,3-(trimethoxysilyl)propyl prop-2-enoate,C=CC(=O)OCCC[Si](OC)(OC)OC,KBQVDAIIQCXKPI-UHFFFAOYSA-N,1
141-79-7,4-methylpent-3-en-2-one,CC(=O)C=C(C)C,SHOJXDKTYKFBRD-UHFFFAOYSA-N,0
42831-50-5,-,Cc1oncc1C(=O)O,VQBXUKGMJCPBMF-UHFFFAOYSA-N,0
33996-33-7,"(2S,4R)-1-acetyl-4-hydroxypyrrolidine-2-carboxylic acid",CC(=O)N1CC(O)CC1C(=O)O,BAPRUDZDYCKSOQ-UHFFFAOYSA-N,0
21282-97-3,2-[(2-methylprop-2-enoyl)oxy]ethyl 3-oxobutanoate,C=C(C)C(=O)OCCOC(=O)CC(C)=O,IBDVWXAVKPRHCU-UHFFFAOYSA-N,0
68920-66-1,"Alcohols, C16-18 and C18-unsatd., ethoxylated",CCC=CCCCCCCCCCCCCCCOCC,WBCCOWHDSAVXAO-UHFFFAOYSA-N,1
71868-10-5,2-methyl-1-[4-(methylsulfanyl)phenyl]-2-(morpholin-4-yl)propan-1-one,CSc1ccc(C(=O)C(C)(C)N2CCOCC2)cc1,LWRBVKNFOYUCNP-UHFFFAOYSA-N,0
119-36-8,methyl 2-hydroxybenzoate,COC(=O)c1ccccc1O,OSWPMRLSEDHDFF-UHFFFAOYSA-N,0
27503-81-7,"2-phenyl-1H-1,3-benzodiazole-5-sulfonic acid",O=S(=O)(O)c1ccc2nc(-c3ccccc3)[nH]c2c1,UVCJGUGAGLDPAA-UHFFFAOYSA-N,0
92-15-9,N-(2-methoxyphenyl)-3-oxobutanamide,COc1ccccc1NC(=O)CC(C)=O,KYYRTDXOHQYZPO-UHFFFAOYSA-N,0
129-93-1,"6,8-bis(phenylamino)naphthalene-1-sulfonic acid",O=S(=O)(O)c1cccc2cc(Nc3ccccc3)cc(Nc3ccccc3)c12,USFSONWQSVCJBO-UHFFFAOYSA-N,0
1071-93-8,hexanedihydrazide,NNC(=O)CCCCC(=O)NN,IBVAQQYNSHJXBV-UHFFFAOYSA-N,0
141-62-8,"2,2,4,4,6,6,8,8-octamethyl-3,5,7-trioxa-2,4,6,8-tetrasilanonane",C[Si](C)(C)O[Si](C)(C)O[Si](C)(C)O[Si](C)(C)C,YFCGDEUVHLPRCZ-UHFFFAOYSA-N,0
598-50-5,1-methylurea,CNC(N)=O,XGEGHDBEHXKFPX-UHFFFAOYSA-N,0
32582-32-4,2-tetradecyloctadecan-1-ol,CCCCCCCCCCCCCCCCC(CO)CCCCCCCCCCCCCC,RTXVDAJGIYOHFY-UHFFFAOYSA-N,0
879-57-2,unnamed [879-57-2],CCOc1ccccc1C(=N)NO,ZOGRANBHYCXFRO-UHFFFAOYSA-N,0
2372-82-9,bis(3-aminopropyl)(dodecyl)amine,CCCCCCCCCCCCN(CCCN)CCCN,NYNKJVPRTLBJNQ-UHFFFAOYSA-N,1
219715-34-1,-,COc1cc(C(F)(F)F)ccn1,BYGXVIBRFSQTPY-UHFFFAOYSA-N,0
67633-96-9,(3Z)-hex-3-en-1-yl methyl carbonate,CCC=CCCOC(=O)OC,BLOXMGXSDAAJGX-UHFFFAOYSA-N,0
122-01-0,4-chlorobenzoyl chloride,O=C(Cl)c1ccc(Cl)cc1,RKIDDEGICSMIJA-UHFFFAOYSA-N,1
84268-33-7,"methyl 3-[3-(2H-1,2,3-benzotriazol-2-yl)-5-tert-butyl-4-hydroxyphenyl]propanoate",COC(=O)CCc1cc(-n2nc3ccccc3n2)c(O)c(C(C)(C)C)c1,UJRDRFZCRQNLJM-UHFFFAOYSA-N,0
128119-70-0,unnamed [128119-70-0],CC(CO)COC1CC2CCC1(C)C2(C)C,YCOHHRPARVZBHK-UHFFFAOYSA-N,1
5444-75-7,2-ethylhexyl benzoate,CCCCC(CC)COC(=O)c1ccccc1,UADWUILHKRXHMM-UHFFFAOYSA-N,0
173904-11-5,-,CC(C)C=NCC1CCCC(CN=CC(C)C)C1,JUBKHAAUFRURMO-UHFFFAOYSA-N,1
5502-88-5,1-methyl-4-(propan-2-yl)cyclohex-1-ene,CC1=CCC(C(C)C)CC1,FAMJUFMHYAFYNU-UHFFFAOYSA-N,0
89331-94-2,"6'-(dibutylamino)-3'-methyl-2'-(phenylamino)-3H-spiro[2-benzofuran-1,9'-xanthene]-3-one",CCCCN(CCCC)c1ccc2c(c1)Oc1cc(C)c(Nc3ccccc3)cc1C21OC(=O)c2ccccc21,XAAILNNJDMIMON-UHFFFAOYSA-N,0
121158-58-5,"4-(3,4,5,6-tetramethyloctan-2-yl)phenol",CCC(C)C(C)C(C)CCc1ccc(O)cc1,AOOKHLGAVNECET-UHFFFAOYSA-N,1
7659-86-1,2-ethylhexyl 2-sulfanylacetate,CCCCC(CC)COC(=O)CS,OWHSTLLOZWTNTQ-UHFFFAOYSA-N,0
120-47-8,ethyl 4-hydroxybenzoate,CCOC(=O)c1ccc(O)cc1,NUVBSKCKDOMJSU-UHFFFAOYSA-N,0
99607-70-2,(2R)-heptan-2-yl 2-[(5-chloroquinolin-8-yl)oxy]acetate (2S)-heptan-2-yl 2-[(5-chloroquinolin-8-yl)oxy]acetate,CCCCCC(C)OC(=O)COc1ccc(Cl)c2cccnc12,COYBRKAVBMYYSF-UHFFFAOYSA-N,0
149021-58-9,-,C=CC(=O)OCC(CCC)CCCCC,RXBOCDZLKBPILN-UHFFFAOYSA-N,1
67-68-5,methanesulfinylmethane,CS(C)=O,IAZDPXIOMUYVGZ-UHFFFAOYSA-N,0
17865-32-6,-,CO[SiH](CC1CCCCC1)OC,XRLIOAUFFCHSIC-UHFFFAOYSA-N,1
541-41-3,ethyl chlorocarbonate,CCOC(=O)Cl,RIFGWPKJUGCATF-UHFFFAOYSA-N,1
99-99-0,1-methyl-4-nitrobenzene,Cc1ccc([N+](=O)[O-])cc1,ZPTVNYMJQHSSEA-UHFFFAOYSA-N,0
95-54-5,"benzene-1,2-diamine",Nc1ccccc1N,GEYOCULIXLDCMW-UHFFFAOYSA-N,0
3173-72-6,"1,5-diisocyanatonaphthalene",O=C=Nc1cccc2c(N=C=O)cccc12,SBJCUZQNHOLYMD-UHFFFAOYSA-N,1
56602-77-8,bicyclo[2.2.1]heptanebis(methylamine),NCC1C2CCC(C2)C1CN,RPYFJVIASOJLJS-UHFFFAOYSA-N,1
55-56-1,"N',N'''-hexane-1,6-diylbis[N-(4-chlorophenyl)(imidodicarbonimidic diamide)]",N=C(N=C(N)Nc1ccc(Cl)cc1)NCCCCCCNC(=N)N=C(N)Nc1ccc(Cl)cc1,GHXZTYHSJHQHIJ-UHFFFAOYSA-N,0
150114-71-9,-,Nc1cc(Cl)nc(C(=O)O)c1Cl,NIXXQNOQHKNPEJ-UHFFFAOYSA-N,0
1917-44-8,-,O=c1nc(-c2ccccc2)[nH]c(-c2ccccc2)n1,KODLDJGSBFMSDG-UHFFFAOYSA-N,0
27619-89-2,"3,3,4,4,5,5,6,6,7,7,8,8,8-tridecafluorooctane-1-sulfonyl chloride",O=S(=O)(Cl)CCC(F)(F)C(F)(F)C(F)(F)C(F)(F)C(F)(F)C(F)(F)F,NDBZVZPOTNLWLU-UHFFFAOYSA-N,1
16409-43-1,4-methyl-2-(2-methylprop-1-en-1-yl)oxane,CC(C)=CC1CC(C)CCO1,CZCBTSFUTPZVKJ-UHFFFAOYSA-N,1
131766-73-9,(4R)-4-methyl-2-propyloxan-4-yl acetate (4S)-4-methyl-2-propyloxan-4-yl acetate,CCCC1CC(C)(OC(C)=O)CCO1,GURYYNWDVKXZAT-UHFFFAOYSA-N,0
125768-93-6,unnamed [125768-93-6],CCC(C)(C)OOC1(OC)CCCCC1,MGIDEDVBLNEGDG-UHFFFAOYSA-N,1
68153-38-8,"Resin acids and Rosin acids, esters with diethylene glycol",CCC=CCC=CCC=CCCCCCCCC(=O)O,DTOSIQBPPRVQHS-UHFFFAOYSA-N,0
149-73-5,trimethoxymethane,COC(OC)OC,PYOKUURKVVELLB-UHFFFAOYSA-N,0
111439-76-0,dimethoxy(2-methylpropyl)propan-2-ylsilane,CO[Si](CC(C)C)(OC)C(C)C,XFAOZKNGVLIXLC-UHFFFAOYSA-N,1
2530-87-2,(3-chloropropyl)trimethoxysilane,CO[Si](CCCCl)(OC)OC,OXYZDRAJMHGSMW-UHFFFAOYSA-N,1
927-07-1,"tert-butyl 2,2-dimethylpropaneperoxoate",CC(C)(C)OOC(=O)C(C)(C)C,OPQYOFWUFGEMRZ-UHFFFAOYSA-N,1
1609-66-1,N-phenyl-N-(piperidin-4-yl)propanamide,CCC(=O)N(c1ccccc1)C1CCNCC1,PMCBDBWCQQBSRJ-UHFFFAOYSA-N,0
24851-98-7,methyl 2-(3-oxo-2-pentylcyclopentyl)acetate,CCCCCC1C(=O)CCC1CC(=O)OC,KVWWIYGFBYDJQC-UHFFFAOYSA-N,0
6642-31-5,"6-amino-1,3-dimethyl-1,2,3,4-tetrahydropyrimidine-2,4-dione",Cn1c(N)cc(=O)n(C)c1=O,VFGRNTYELNYSKJ-UHFFFAOYSA-N,0
3320-83-0,1-chloro-2-isocyanatobenzene,O=C=Nc1ccccc1Cl,NOHQUGRVHSJYMR-UHFFFAOYSA-N,1
115-84-4,"2-butyl-2-ethylpropane-1,3-diol",CCCCC(CC)(CO)CO,DSKYSDCYIODJPC-UHFFFAOYSA-N,0
8005-56-9,"3,10,17,24-tetraazaoctacyclo[13.13.2.0????,??????????.0??????,??????.0????????,??????????.0??????????,??????????.0??????????,????????.0??????????,??????????]triaconta-1(28),2,4(9),5,7,12,14,18(23),19,21,24,26,29-tridecaene-11,16-dione",O=c1c2ccc3c(=O)n4c5ccccc5nc4c4ccc(c2c34)c2nc3ccccc3n12,YMEPVPIIHONYLV-UHFFFAOYSA-N,0
136210-32-7,"1,4-diethyl 2-{[4-({4-[(1,4-diethoxy-1,4-dioxobutan-2-yl)amino]-3-methylcyclohexyl}methyl)-2-methylcyclohexyl]amino}butanedioate",CCOC(=O)CC(NC1CCC(CC2CCC(NC(CC(=O)OCC)C(=O)OCC)C(C)C2)CC1C)C(=O)OCC,YHVVJCQIMRGPPE-UHFFFAOYSA-N,0
94-71-3,2-ethoxyphenol,CCOc1ccccc1O,MOEFFSWKSMRFRQ-UHFFFAOYSA-N,0
112-12-9,undecan-2-one,CCCCCCCCCC(C)=O,KYWIYKKSMDLRDC-UHFFFAOYSA-N,1
770-35-4,1-phenoxypropan-2-ol,CC(O)COc1ccccc1,IBLKWZIFZMJLFL-UHFFFAOYSA-N,0
127-18-4,tetrachloroethene,ClC(Cl)=C(Cl)Cl,CYTYCFOTNPOANT-UHFFFAOYSA-N,1
1118-46-3,butylstannanetris(ylium) trichloride,CCCC[Sn](Cl)(Cl)Cl,YMLFYGFCXGNERH-UHFFFAOYSA-K,1
11059-65-7,zinc bis[bis(tetrapropylenephenyl)] bis(hydrogen dithiophosphate),CCCC(C)C(CCC)C(C)Cc1ccc(OP(=S)(S)Oc2ccc(CC(C)C(CCC)C(C)CCC)cc2)cc1,PPHMMPMJCWQDOI-UHFFFAOYSA-N,0
139504-68-0,1-[(2-tert-butylcyclohexyl)oxy]butan-2-ol,CCC(O)COC1CCCCC1C(C)(C)C,GQBVHGLNSHPKPG-UHFFFAOYSA-N,0
61597-96-4,2-methylpropyl (2R)-2-hydroxypropanoate,CC(C)COC(=O)C(C)O,WBPAQKQBUKYCJS-UHFFFAOYSA-N,0
14595-54-1,unnamed [14595-54-1],O=C1CCC=CCCCCCCCCCC1,JIYIHILAGIZIMD-UHFFFAOYSA-N,0
141-24-2,methyl 12-hydroxyoctadec-9-enoate,CCCCCCC(O)CC=CCCCCCCCC(=O)OC,XKGDWZQXVZSXAO-UHFFFAOYSA-N,1
121-32-4,3-ethoxy-4-hydroxybenzaldehyde,CCOc1cc(C=O)ccc1O,CBOQJANXLMLOSS-UHFFFAOYSA-N,0
1370711-06-0,-,CC=CC(=O)OC(CC)C(C)C,PVADUHPHJRAAIS-UHFFFAOYSA-N,0
2579-20-6,[3-(aminomethyl)cyclohexyl]methanamine,NCC1CCCC(CN)C1,QLBRROYTTDFLDX-UHFFFAOYSA-N,1
140-66-9,"4-(2,4,4-trimethylpentan-2-yl)phenol",CC(C)(C)CC(C)(C)c1ccc(O)cc1,ISAVYTVYFVQUDY-UHFFFAOYSA-N,0
109-52-4,valeric acid,CCCCC(=O)O,NQPDZGIKBAWPEJ-UHFFFAOYSA-N,1
950919-28-5,unnamed [950919-28-5],CC(C)c1ccc2c(c1)OCC(=O)CO2,RFSYHLFFESXTQI-UHFFFAOYSA-N,1
121-69-7,"N,N-dimethylaniline",CN(C)c1ccccc1,JLTDJTHDQAWBAV-UHFFFAOYSA-N,0
63500-71-0,4-methyl-2-(2-methylpropyl)oxan-4-ol,CC(C)CC1CC(C)(O)CCO1,YVSNOTITPICPTB-UHFFFAOYSA-N,0
119313-12-1,2-benzyl-2-(dimethylamino)-1-[4-(morpholin-4-yl)phenyl]butan-1-one,CCC(Cc1ccccc1)(C(=O)c1ccc(N2CCOCC2)cc1)N(C)C,UHFFVFAKEGKNAQ-UHFFFAOYSA-N,0
119-17-5,"3-(3-methyl-5-oxo-4,5-dihydro-1H-pyrazol-1-yl)benzene-1-sulfonic acid",Cc1cc(=O)n(-c2cccc(S(=O)(=O)O)c2)[nH]1,FHXUYFKYRBLZJU-UHFFFAOYSA-N,0
55566-30-8,bis(tetrakis(hydroxymethyl)phosphanium) sulfate,OC[P+](CO)(CO)CO,FAUOSXUSCVJWAY-UHFFFAOYSA-N,0
78-51-3,tris(2-butoxyethyl) phosphate,CCCCOCCOP(=O)(OCCOCCCC)OCCOCCCC,WTLBZVNBAKMVDP-UHFFFAOYSA-N,1
26401-35-4,diisotridecyl adipate,CC(C)CCCCCCCCCCOC(=O)CCCCC(=O)OCCCCCCCCCCC(C)C,WPUKZOKYKHYASK-UHFFFAOYSA-N,0
67707-75-9,"ethyl 3,5,5-trimethylhexanoate",CCOC(=O)CC(C)CC(C)(C)C,NMZMQQBBZRGLPJ-UHFFFAOYSA-N,0
555-45-3,"1,3-bis(tetradecanoyloxy)propan-2-yl tetradecanoate",CCCCCCCCCCCCCC(=O)OCC(COC(=O)CCCCCCCCCCCCC)OC(=O)CCCCCCCCCCCCC,DUXYWXYOBMKGIN-UHFFFAOYSA-N,0
106-65-0,"1,4-dimethyl butanedioate",COC(=O)CCC(=O)OC,MUXOBHXGJLMRAB-UHFFFAOYSA-N,0
1694-31-1,tert-butyl 3-oxobutanoate,CC(=O)CC(=O)OC(C)(C)C,JKUYRAMKJLMYLO-UHFFFAOYSA-N,0
613-62-7,2-(benzyloxy)naphthalene,c1ccc(COc2ccc3ccccc3c2)cc1,WLTCCDHHWYAMCG-UHFFFAOYSA-N,0
56973-85-4,"1-(5,5-dimethylcyclohex-1-en-1-yl)pent-4-en-1-one",C=CCCC(=O)C1=CCCC(C)(C)C1,OEVIJAZJVZDBQL-UHFFFAOYSA-N,0
256473-04-8,-,FC(F)(F)COc1cccnc1Cl,IUTMJBMTEOTFKB-UHFFFAOYSA-N,0
10097-02-6,"2,2-bis(hydroxymethyl)butanoic acid",CCC(CO)(CO)C(=O)O,JVYDLYGCSIHCMR-UHFFFAOYSA-N,0
9005-64-5,"Sorbitan monolaurate, ethoxylated",CCCCCCCCCCCC(=O)OCCOCC(OCCO)C1OCC(OCCO)C1OCCO,HMFKFHLTUCJZJO-UHFFFAOYSA-N,0
99305-42-7,unnamed [99305-42-7],CCCCOC(=O)NC1CCC(CC2CCC(NC(=O)OCCCC)CC2)CC1,XPMSIFQMNOZZLL-UHFFFAOYSA-N,0
18379-25-4,"trichloro(2,4,4-trimethylpentyl)silane",CC(CC(C)(C)C)C[Si](Cl)(Cl)Cl,XEPLIPFTDXHUHB-UHFFFAOYSA-N,1
350601-49-9,-,COC(=O)c1nc(Cl)cc(NC(C)=O)c1Cl,CSKIJJZFXAACON-UHFFFAOYSA-N,0
2386-87-0,7-oxabicyclo[4.1.0]heptan-3-ylmethyl 7-oxabicyclo[4.1.0]heptane-3-carboxylate,O=C(OCC1CCC2OC2C1)C1CCC2OC2C1,YXALYBMHAYZKAP-UHFFFAOYSA-N,0
26661-13-2,"N-(2-oxo-2,3-dihydropyrimidin-4-yl)benzamide",O=C(Nc1ccnc(=O)[nH]1)c1ccccc1,XBDUZBHKKUFFRH-UHFFFAOYSA-N,0
298-12-4,2-oxoacetic acid,O=CC(=O)O,HHLFWLYXYJOTON-UHFFFAOYSA-N,0
72009-86-0,2-(2-phenylphenoxy)ethyl prop-2-enoate,C=CC(=O)OCCOc1ccccc1-c1ccccc1,VAZQKPWSBFZARZ-UHFFFAOYSA-N,0
77804-81-0,"2,2'-[ethylenebis(oxyphenyl-2,1-eneazo)]bis[N-(2,3-dihydro-2-oxo-1H-benzimidazol-5-yl)-3-oxobutyramide",CC(=O)/C(=N\Nc1ccccc1OCCOc1ccccc1N/N=C(\C(C)=O)C(=O)Nc1ccc2[nH]c(=O)[nH]c2c1)C(=O)Nc1ccc2[nH]c(=O)[nH]c2c1,IONCLTBAJROELI-RQAFMBFTSA-N,0
85813-73-6,-,O=C=NS(=O)(=O)c1ccccc1C(F)(F)F,QQYWUZHDPAYMOO-UHFFFAOYSA-N,0
70775-75-6,"N-octyl-1-{10-[4-(octylimino)-1,4-dihydropyridin-1-yl]decyl}-1,4-dihydropyridin-4-imine dihydrochloride",CCCCCCCCN=c1ccn(CCCCCCCCCCn2ccc(=NCCCCCCCC)cc2)cc1,ZVXNYZWXUADSRV-UHFFFAOYSA-N,1
6362-80-7,(4-methyl-4-phenylpent-1-en-2-yl)benzene,C=C(CC(C)(C)c1ccccc1)c1ccccc1,ZOKCNEIWFQCSCM-UHFFFAOYSA-N,1
50-89-5,thymidine,Cc1cn(C2CC(O)C(CO)O2)c(=O)[nH]c1=O,IQFYYKKMVGJFEH-UHFFFAOYSA-N,0
70969-58-3,"1,2-bis(2-methylpropyl) cyclohexane-1,2-dicarboxylate",CC(C)COC(=O)C1CCCCC1C(=O)OCC(C)C,QUKHPBOCBWDYMW-UHFFFAOYSA-N,1
1132-61-2,3-(morpholin-4-yl)propane-1-sulfonic acid,O=S(=O)(O)CCCN1CCOCC1,DVLFYONBTKHTER-UHFFFAOYSA-N,0
3520-72-7,"4-[(E)-2-(2-chloro-4-{3-chloro-4-[(E)-2-(3-methyl-5-oxo-1-phenyl-4,5-dihydro-1H-pyrazol-4-yl)diazen-1-yl]phenyl}phenyl)diazen-1-yl]-3-methyl-1-phenyl-4,5-dihydro-1H-pyrazol-5-one",CC1=NN(c2ccccc2)C(=O)/C1=N/Nc1ccc(-c2ccc(N/N=C3/C(=O)N(c4ccccc4)N=C3C)c(Cl)c2)cc1Cl,YFIMMXDLMXFWGF-UDEUAJILSA-N,0
2943-75-1,triethoxy(octyl)silane,CCCCCCCC[Si](OCC)(OCC)OCC,MSRJTTSHWYDFIU-UHFFFAOYSA-N,1
13475-82-6,"2,2,4,6,6-pentamethylheptane",CC(CC(C)(C)C)CC(C)(C)C,VKPSKYDESGTTFR-UHFFFAOYSA-N,1
68391-04-8,-,CCCCCCCCCCCCN(C)C,YWFWDNVOPHGWMX-UHFFFAOYSA-N,1
106797-53-9,2-hydroxy-1-[4-(2-hydroxyethoxy)phenyl]-2-methylpropan-1-one,CC(C)(O)C(=O)c1ccc(OCCO)cc1,GJKGAPPUXSSCFI-UHFFFAOYSA-N,0
56-40-6,2-aminoacetic acid,NCC(=O)O,DHMQDGOQFOQNFH-UHFFFAOYSA-N,0
502-69-2,"6,10,14-trimethylpentadecan-2-one",CC(=O)CCCC(C)CCCC(C)CCCC(C)C,WHWDWIHXSPCOKZ-UHFFFAOYSA-N,1
35081-45-9,1-[4-(benzyloxy)phenyl]-2-bromopropan-1-one,CC(Br)C(=O)c1ccc(OCc2ccccc2)cc1,LSQLSCUJBXFBRB-UHFFFAOYSA-N,0
89-25-8,"5-methyl-2-phenyl-2,3-dihydro-1H-pyrazol-3-one",Cc1cc(=O)n(-c2ccccc2)[nH]1,KZQYIMCESJLPQH-UHFFFAOYSA-N,0
4306-88-1,"2,6-di-tert-butyl-4-nonylphenol",O=C(Cn1cnc([N+](=O)[O-])n1)Nc1cc(C(F)(F)F)ccc1Cl,MXAJYGSMFXDTIF-UHFFFAOYSA-N,1
25265-71-8,1-(2-hydroxypropoxy)propan-2-ol; 2-(2-hydroxypropoxy)propan-1-ol; 2-[(1-hydroxypropan-2-yl)oxy]propan-1-ol,CCC(O)OC(O)CC,QYSXYAURTRCDJU-UHFFFAOYSA-N,0
475-20-7,"[1S-(1????,3a????,4????,8a????)]-decahydro-4,8,8-trimethyl-9-methylene-1,4-methanoazulene",C=C1C2CCC3C2C(C)(C)CCCC13C,PDSNLYSELAIEBU-UHFFFAOYSA-N,1
37609-25-9,(5Z)-cyclohexadec-5-en-1-one,O=C1CCCC=CCCCCCCCCCC1,ABRIMXGLNHCLIP-UHFFFAOYSA-N,0
25322-68-3,"Poly(oxy-1,2-ethanediyl),????-hydro-?????-hydroxy- Ethane-1,2-diol, ethoxylated",OCCO,LYCAIKOWRPUZTN-UHFFFAOYSA-N,0
1115-30-6,diethyl 2-acetylsuccinate,CCOC(=O)CC(C(C)=O)C(=O)OCC,DVSDDICSXBCMQJ-UHFFFAOYSA-N,0
2167-23-9,di-tert-butyl sec-butylidene diperoxide,CCC(C)(OOC(C)(C)C)OOC(C)(C)C,HQOVXPHOJANJBR-UHFFFAOYSA-N,1
10420-33-4,dimethyl 2-acetylsuccinate,COC(=O)CC(C(C)=O)C(=O)OC,XREKLQOUFWBSFH-UHFFFAOYSA-N,0
19094-56-5,-,O=C(O)c1cc(I)ccc1Cl,GEBYSTBEDVQOTK-UHFFFAOYSA-N,0
112-40-3,dodecane,CCCCCCCCCCCC,SNRUBQQJIBEYMU-UHFFFAOYSA-N,1
3470-98-2,1-butylpyrrolidin-2-one,CCCCN1CCCC1=O,BNXZHVUCNYMNOS-UHFFFAOYSA-N,0
98-52-2,4-tert-butylcyclohexan-1-ol,CC(C)(C)C1CCC(O)CC1,CCOQPGVQAWPUPE-UHFFFAOYSA-N,0
2216-51-5,"(1R,2S,5R)-5-methyl-2-(propan-2-yl)cyclohexan-1-ol",CC1CCC(C(C)C)C(O)C1,NOOLISFMXDJSKH-UHFFFAOYSA-N,0
5567-15-7,"N-(4-chloro-2,5-dimethoxyphenyl)-2-[(E)-2-(2-chloro-4-{3-chloro-4-[(E)-2-{1-[(4-chloro-2,5-dimethoxyphenyl)carbamoyl]-2-oxopropyl}diazen-1-yl]phenyl}phenyl)diazen-1-yl]-3-oxobutanamide",COc1cc(NC(=O)/C(=N/Nc2ccc(-c3ccc(N/N=C(\C(C)=O)C(=O)Nc4cc(OC)c(Cl)cc4OC)c(Cl)c3)cc2Cl)C(C)=O)c(OC)cc1Cl,YNMIXGFEAKDKFG-NCOOAAOESA-N,0
1889-67-4,"1,1'-(2,3-dimethylbutane-2,3-diyl)dibenzene",CC(C)(c1ccccc1)C(C)(C)c1ccccc1,HGTUJZTUQFXBIH-UHFFFAOYSA-N,0
224789-21-3,-,CCCc1nc(C)c2c(=O)nc(-c3ccccc3OCC)[nH]n12,YRRWQMBIMZMVDB-UHFFFAOYSA-N,0
2035-93-0,4-methyl-4-phenylpentan-2-ol,CC(O)CC(C)(C)c1ccccc1,NCYQVRNLBAYSLE-UHFFFAOYSA-N,1
17392-83-5,methyl 2-hydroxypropanoate,COC(=O)C(C)O,LPEKGGXMPWTOCB-UHFFFAOYSA-N,1
2517-43-3,3-methoxybutan-1-ol,COC(C)CCO,JSGVZVOGOQILFM-UHFFFAOYSA-N,0
97-93-8,triethylalumane,CC[AlH3](CC)CC,VOITXYVAKOUIBA-UHFFFAOYSA-N,0
157859-20-6,-,C=CC(=O)O[Si](C(C)C)(C(C)C)C(C)C,PQSIXYSSKXAOFE-UHFFFAOYSA-N,1
65443-14-3,"2,2,5-trimethyl-5-pentylcyclopentanone",CCCCCC1(C)CCC(C)(C)C1=O,PUKWIVZFEZFVAT-UHFFFAOYSA-N,0
6737-68-4,"1,4-bis[(2-methylphenyl)amino]anthraquinone",Cc1ccccc1Nc1ccc(Nc2ccccc2C)c2c1C(=O)c1ccccc1C2=O,OLJXWJUQRAOAMD-UHFFFAOYSA-N,0
4253-34-3,bis(acetyloxy)(methyl)silyl acetate,CC(=O)O[Si](C)(OC(C)=O)OC(C)=O,TVJPBVNWVPUZBM-UHFFFAOYSA-N,1
86-28-2,9-ethyl-9H-carbazole,CCn1c2ccccc2c2ccccc21,PLAZXGNBGZYJSA-UHFFFAOYSA-N,0
66068-84-6,"4-{5,5,6-trimethylbicyclo[2.2.1]heptan-2-yl}cyclohexan-1-ol",CC1C2CC(CC2C2CCC(O)CC2)C1(C)C,PCFHYANYPQEMPU-UHFFFAOYSA-N,0
79-06-1,prop-2-enamide,C=CC(N)=O,HRPVXLWXLXDGHG-UHFFFAOYSA-N,0
3069-33-8,"N-{3-[methoxy(dimethyl)silyl]propyl}ethane-1,2-diamine",CO[Si](C)(C)CCCNCCN,GDYNEEHLNBYCLY-UHFFFAOYSA-N,1
834-12-8,"N-ethyl-N'-isopropyl-6-(methylsulfanyl)-1,3,5-triazine-2,4-diamine",CCNc1nc(NC(C)C)nc(SC)n1,RQVYBGPQFYCBGX-UHFFFAOYSA-N,0
927-62-8,butyldimethylamine,CCCCN(C)C,DJEQZVQFEPKLOY-UHFFFAOYSA-N,1
14433-76-2,"N,N-dimethyldecanamide",CCCCCCCCCC(=O)N(C)C,HNXNKTMIVROLTK-UHFFFAOYSA-N,1
13463-41-7,"zinc(2+) ion bis(2-sulfanylidene-1,2-dihydropyridin-1-olate)",On1ccccc1=S,YBBJKCMMCRQZMA-UHFFFAOYSA-N,0
51240-95-0,"2,4,4-trimethylpentan-2-yl 2,2,3,5-tetramethylhexaneperoxoate 2,4,4-trimethylpentan-2-yl 2,2-diethylhexaneperoxoate 2,4,4-trimethylpentan-2-yl 2,2-dimethyloctaneperoxoate 2,4,4-trimethylpentan-2-yl 2,4-dimethyl-2-(propan-2-yl)pentaneperoxoate 2,4,4-trimethylpentan-2-yl 2-ethyl-2,5-dimethylhexaneperoxoate",CC(C)(C)CCCCC1(C(=O)OC(C)(C)CC(C)(C)C)OO1,CRJIYMRJTJWVLU-UHFFFAOYSA-N,1
330-54-1,"1-(3,4-dichlorophenyl)-3,3-dimethylurea",CN(C)C(=O)Nc1ccc(Cl)c(Cl)c1,XMTQQYYKAHVGBJ-UHFFFAOYSA-N,0
95-68-1,"2,4-dimethylaniline",Cc1ccc(N)c(C)c1,CZZZABOKJQXEBO-UHFFFAOYSA-N,0
15307-93-4,"2,6-dichloro-N-phenylaniline",Clc1cccc(Cl)c1Nc1ccccc1,HDUUZPLYVVQTKN-UHFFFAOYSA-N,1
85563-48-0,dihydrogen hexadecyl(2-hydroxyethyl)dimethylazanium phosphate,CCCCCCCCCCCCCCCC[N+](C)(C)CCO,UENRCAFKOCYSLM-UHFFFAOYSA-N,1
2451-62-9,"1,3,5-tris(oxiran-2-ylmethyl)-1,3,5-triazinane-2,4,6-trione",O=c1n(CC2CO2)c(=O)n(CC2CO2)c(=O)n1CC1CO1,OUPZKGBUJRBPGC-UHFFFAOYSA-N,0
97-99-4,oxolan-2-ylmethanol,OCC1CCCO1,BSYVTEYKTMYBMK-UHFFFAOYSA-N,0
6843-66-9,dimethoxydiphenylsilane,CO[Si](OC)(c1ccccc1)c1ccccc1,AHUXYBVKTIBBJW-UHFFFAOYSA-N,1
79-20-9,methyl acetate,COC(C)=O,KXKVLQRXCPHEJC-UHFFFAOYSA-N,0
110-97-4,1-[(2-hydroxypropyl)amino]propan-2-ol,CC(O)CNCC(C)O,LVTYICIALWPMFW-UHFFFAOYSA-N,0
5451-76-3,2-butoxyethyl benzoate,CCCCOCCOC(=O)c1ccccc1,NMBQBIACXMPEQB-UHFFFAOYSA-N,0
181587-01-9,unnamed [181587-01-9],CCS(=O)c1c(C#N)nn(-c2c(Cl)cc(C(F)(F)F)cc2Cl)c1N,FNELVJVBIYMIMC-UHFFFAOYSA-N,0
67801-64-3,2-tert-butylcyclohexyl ethyl carbonate,CCOC(=O)OC1CCCCC1C(C)(C)C,ZHWLEUGSDGROJS-UHFFFAOYSA-N,0
1675-54-3,2-(4-{2-[4-(oxiran-2-ylmethoxy)phenyl]propan-2-yl}phenoxymethyl)oxirane,CC(C)(c1ccc(OCC2CO2)cc1)c1ccc(OCC2CO2)cc1,LCFVJGUPQDGYKZ-UHFFFAOYSA-N,0
135590-91-9,-,CCOC(=O)C1=NN(c2ccc(Cl)cc2Cl)C(C)(C(=O)OCC)C1,OPGCOAPTHCZZIW-UHFFFAOYSA-N,0
5984-56-5,-,O=C(O)C1CCNCC1,SRJOCJYGOFTFLH-UHFFFAOYSA-N,0
68526-86-3,"Alcohols, C11-14-iso-, C13-rich",CC(C)CCCCCCCCCCO,XUJLWPFSUCHPQL-UHFFFAOYSA-N,1
150-76-5,4-methoxyphenol,COc1ccc(O)cc1,NWVVVBRKAWDGAB-UHFFFAOYSA-N,1
96-49-1,2-(carboxyoxy)ethyl hydrogen carbonate,O=C1OCCO1,KMTRUDSVKNLOMY-UHFFFAOYSA-N,0
5343-92-0,"pentane-1,2-diol",CCCC(O)CO,WCVRQHFDJLLWFE-UHFFFAOYSA-N,0
105-55-5,"1,3-diethylthiourea",CCNC(=S)NCC,FLVIGYVXZHLUHP-UHFFFAOYSA-N,0
213265-81-7,-,Fc1c(Cl)ncnc1Oc1ccccc1Cl,RGBIKVOIODUDLX-UHFFFAOYSA-N,0
5413-60-5,"tricyclo[5.2.1.0????,??????]dec-3-en-8-yl acetate",CC(=O)OC1CC2CC1C1CC=CC21,RGVQNSFGUOIKFF-UHFFFAOYSA-N,0
111-75-1,2-(butylamino)ethan-1-ol,CCCCNCCO,LJDSTRZHPWMDPG-UHFFFAOYSA-N,1
35077-00-0,-,CCO[Si](OCC)(OCC)N(CC)CC,KOFGHHIZTRGVAF-UHFFFAOYSA-N,1
561-41-1,bis[4-(dimethylamino)phenyl][4-(methylamino)phenyl]methanol,CNc1ccc(C(O)(c2ccc(N(C)C)cc2)c2ccc(N(C)C)cc2)cc1,MAGJOSJRYKEYAZ-UHFFFAOYSA-N,0
101-37-1,"tris(prop-2-en-1-yloxy)-1,3,5-triazine",C=CCOc1nc(OCC=C)nc(OCC=C)n1,BJELTSYBAHKXRW-UHFFFAOYSA-N,0
107898-54-4,"(4E)-3,3-dimethyl-5-(2,2,3-trimethylcyclopent-3-en-1-yl)pent-4-en-2-ol",CC1=CCC(C=CC(C)(C)C(C)O)C1(C)C,QZFSNJAQFWEXEA-UHFFFAOYSA-N,1
69901-75-3,(2S)-2-{[(benzyloxy)carbonyl]amino}-2-cyclohexylacetic acid,O=C(NC(C(=O)O)C1CCCCC1)OCc1ccccc1,CUSYTUPJAYLNFQ-UHFFFAOYSA-N,0
2855-19-8,2-decyloxirane,CCCCCCCCCCC1CO1,MPGABYXKKCLIRW-UHFFFAOYSA-N,1
7381-13-7,unnamed [7381-13-7],O=C1CCCCCN1C(=O)c1cccc(C(=O)N2CCCCCC2=O)c1,HXZRLUTUNSQNCG-UHFFFAOYSA-N,0
92585-24-5,-,CC(CO)CC(C)c1ccccc1,SXGYZCMGVZKIPJ-UHFFFAOYSA-N,0
75-65-0,2-methylpropan-2-ol,CC(C)(C)O,DKGAVHZHDRPRBM-UHFFFAOYSA-N,0
53445-37-7,"2,2,4-trimethylhexanedioic acid; 2,4,4-trimethylhexanedioic acid",CC(CC(=O)O)CC(C)(C)C(=O)O,DWFUTNJGNBYHNN-UHFFFAOYSA-N,0
13048-33-4,6-(prop-2-enoyloxy)hexyl prop-2-enoate,C=CC(=O)OCCCCCCOC(=O)C=C,FIHBHSQYSYVZQE-UHFFFAOYSA-N,1
494-19-9,"10,11-dihydro-5H-dibenzo[b,f]azepine",c1ccc2c(c1)CCc1ccccc1N2,ZSMRRZONCYIFNB-UHFFFAOYSA-N,0
112-45-8,undec-10-enal,C=CCCCCCCCCC=O,OFHHDSQXFXLTKC-UHFFFAOYSA-N,1
3699-54-5,1-(2-hydroxyethyl)imidazolidin-2-one,O=C1NCCN1CCO,HBAIZGPCSAAFSU-UHFFFAOYSA-N,0
133-06-2,"2-[(trichloromethyl)sulfanyl]-2,3,3a,4,7,7a-hexahydro-1H-isoindole-1,3-dione",O=C1C2CC=CCC2C(=O)N1SC(Cl)(Cl)Cl,LDVVMCZRFWMZSG-UHFFFAOYSA-N,0
96-18-4,"1,2,3-trichloropropane",ClCC(Cl)CCl,CFXQEHVMCRXUSD-UHFFFAOYSA-N,1
27076-30-8,3-[(2-hydroxyethyl)amino]propanamide,NC(=O)CCNCCO,WRLAXUYIDLSRHV-UHFFFAOYSA-N,0
358-23-6,trifluoromethanesulfonyl trifluoromethanesulfonate,O=S(=O)(OS(=O)(=O)C(F)(F)F)C(F)(F)F,WJKHJLXJJJATHN-UHFFFAOYSA-N,1
224785-90-4,-,CCCc1nc(C)c2c(=O)nc(-c3cc(S(=O)(=O)N4CCN(CC)CC4)ccc3OCC)[nH]n12,SECKRCOLJRRGGV-UHFFFAOYSA-N,0
99-96-7,4-hydroxybenzoic acid,O=C(O)c1ccc(O)cc1,FJKROLUGYXJWQN-UHFFFAOYSA-N,0
102-71-6,2-[bis(2-hydroxyethyl)amino]ethan-1-ol,OCCN(CCO)CCO,GSEJCLTVZPLZKY-UHFFFAOYSA-N,0
49564-57-0,"4-amino-5-methoxy-N,2-dimethylbenzenesulfonamide",CNS(=O)(=O)c1cc(OC)c(N)cc1C,GWSQAGVGSHXRJK-UHFFFAOYSA-N,0
1128026-41-4,-,CO[Si](CCCS[Si](C)(C)C(C)(C)C)(OC)OC,BNUAXXYSPOCXSN-UHFFFAOYSA-N,0
110-17-8,(2E)-but-2-enedioic acid,O=C(O)C=CC(=O)O,VZCYOOQTPOCHFL-UHFFFAOYSA-N,0
28443-50-7,2-amino-5-chlorophenol,Nc1ccc(Cl)cc1O,FZCQMIRJCGWWCL-UHFFFAOYSA-N,0
98-01-1,furan-2-carbaldehyde,O=Cc1ccco1,HYBBIBNJHNGZAN-UHFFFAOYSA-N,1
30674-80-7,2-isocyanatoethyl 2-methylprop-2-enoate,C=C(C)C(=O)OCCN=C=O,RBQRWNWVPQDTJJ-UHFFFAOYSA-N,1
617-86-7,triethylsilane,CC[Si](CC)CC,QXTIBZLKQPJVII-UHFFFAOYSA-N,0
189813-45-4,unnamed [189813-45-4],CON=C(C(=O)OC)c1ccccc1CCl,GMZGDMPLWXWBQJ-UHFFFAOYSA-N,0
53306-54-0,"1,2-bis(2-propylheptyl) benzene-1,2-dicarboxylate",CCCCCC(CCC)COC(=O)c1ccccc1C(=O)OCC(CCC)CCCCC,MTYUOIVEVPTXFX-UHFFFAOYSA-N,0
5384-21-4,"4,4'-methylenebis(2,6-dimethylphenol)",Cc1cc(Cc2cc(C)c(O)c(C)c2)cc(C)c1O,AZZWZMUXHALBCQ-UHFFFAOYSA-N,0
924-50-5,methyl 3-methylbut-2-enoate,COC(=O)C=C(C)C,FZIBCCGGICGWBP-UHFFFAOYSA-N,0
24279-39-8,"2,6-dichloro-4-(trifluoromethyl)aniline",Nc1c(Cl)cc(C(F)(F)F)cc1Cl,ITNMAZSPBLRJLU-UHFFFAOYSA-N,1
25103-09-7,2-methylheptyl 2-sulfanylacetate,CC(C)CCCCCOC(=O)CS,RZBBHEJLECUBJT-UHFFFAOYSA-N,1
14442-94-5,"3-(3,5-di-tert-butyl-4-hydroxyphenyl)-N-octadecylpropanamide",CCCCCCCCCCCCCCCCCCNC(=O)CCc1cc(C(C)(C)C)c(O)c(C(C)(C)C)c1,HQSOHEURLMFXBX-UHFFFAOYSA-N,0
462-06-6,fluorobenzene,Fc1ccccc1,PYLWMHQQBFSUBP-UHFFFAOYSA-N,0
10595-06-9,2-phenoxyethyl 2-methylprop-2-enoate,C=C(C)C(=O)OCCOc1ccccc1,CEXQWAAGPPNOQF-UHFFFAOYSA-N,0
81-48-1,"1-hydroxy-4-[(4-methylphenyl)amino]-9,10-dihydroanthracene-9,10-dione",Cc1ccc(Nc2ccc(O)c3c2C(=O)c2ccccc2C3=O)cc1,LJFWQNJLLOFIJK-UHFFFAOYSA-N,0
143925-92-2,-,CCCCCCCCCCCCCCCCCCN(O)CCCCCCCCCCCCCCCCCC,ITUWQZXQRZLLCR-UHFFFAOYSA-N,0
111-18-2,[6-(dimethylamino)hexyl]dimethylamine,CN(C)CCCCCCN(C)C,TXXWBTOATXBWDR-UHFFFAOYSA-N,1
486406-09-1,unnamed [486406-09-1],CCCCc1ccc(-c2ccc(-c3ccc(CC)cc3)c(F)c2F)cc1,QHZZXKNURQTHBI-UHFFFAOYSA-N,0
72624-02-3,4-heptylphenol,CCCCCCCc1ccc(O)cc1,KNDDEFBFJLKPFE-UHFFFAOYSA-N,1
137-26-8,[disulfanediylbis(carbonothioylnitrilo)]tetramethane,CN(C)C(=S)SSC(=S)N(C)C,KUAZQDVKQLNFPE-UHFFFAOYSA-N,0
924-88-9,diisopropyl succinate,CC(C)OC(=O)CCC(=O)OC(C)C,YPLYFEUBZLLLIY-UHFFFAOYSA-N,0
6156-18-9,-,NS(=O)(=O)c1ccc(NC(=S)Nc2ccc(F)cc2)cc1,VUDOFEJVAFMLEC-UHFFFAOYSA-N,0
637-92-3,2-ethoxy-2-methylpropane,CCOC(C)(C)C,NUMQCACRALPSHD-UHFFFAOYSA-N,0
23552-74-1,"N-cyclohexyl-3-[(4-{[3-(cyclohexylsulfamoyl)-2,4,6-trimethylphenyl]amino}-9,10-dioxo-9,10-dihydroanthracen-1-yl)amino]-2,4,6-trimethylbenzene-1-sulfonamide",Cc1cc(C)c(S(=O)(=O)NC2CCCCC2)c(C)c1Nc1ccc(Nc2c(C)cc(C)c(S(=O)(=O)NC3CCCCC3)c2C)c2c1C(=O)c1ccccc1C2=O,AYYCRXDSCYPSRP-UHFFFAOYSA-N,0
97-97-2,"2-chloro-1,1-dimethoxyethane",COC(CCl)OC,CRZJPEIBPQWDGJ-UHFFFAOYSA-N,0
1185-55-3,trimethoxy(methyl)silane,CO[Si](C)(OC)OC,BFXIKLCIZHOAAZ-UHFFFAOYSA-N,0
54839-24-6,2-ethoxy-1-methylethyl acetate,CCOCC(C)OC(C)=O,LIPRQQHINVWJCH-UHFFFAOYSA-N,0
115895-09-5,"ethyl 3,5-dichloro-4-{[(hexadecyloxy)carbonyl]oxy}benzoate",CCCCCCCCCCCCCCCCOC(=O)Oc1c(Cl)cc(C(=O)OCC)cc1Cl,DFMGMJBWBQNZNK-UHFFFAOYSA-N,0
1533-45-5,"2,2'-(vinylenedi-p-phenylene)bisbenzoxazole",C(=Cc1ccc(-c2nc3ccccc3o2)cc1)c1ccc(-c2nc3ccccc3o2)cc1,ORACIQIJMCYPHQ-UHFFFAOYSA-N,0
1638-86-4,diethyl phenylphosphonite,CCOP(OCC)c1ccccc1,RVDJLKVICMLVJQ-UHFFFAOYSA-N,1
36635-56-0,-,Cc1ccc(S(=O)(=O)CNC=O)cc1,XEHIIYMZJQMMCF-UHFFFAOYSA-N,0
65-85-0,benzoic acid,O=C(O)c1ccccc1,WPYMKLBDIGXBTP-UHFFFAOYSA-N,0
5208-93-5,"(4E)-3-methyl-5-(2,6,6-trimethylcyclohex-1-en-1-yl)penta-1,4-dien-3-ol",C=CC(C)(O)C=CC1=C(C)CCCC1(C)C,PZGYHDPZANRCSM-UHFFFAOYSA-N,0
99-88-7,4-(propan-2-yl)aniline,CC(C)c1ccc(N)cc1,LRTFPLFDLJYEKT-UHFFFAOYSA-N,1
112-72-1,tetradecan-1-ol,CCCCCCCCCCCCCCO,HLZKNKRTKFSKGZ-UHFFFAOYSA-N,0
94-47-3,2-phenylethyl benzoate,O=C(OCCc1ccccc1)c1ccccc1,OSORMYZMWHVFOZ-UHFFFAOYSA-N,0
507448-65-9,-,CCOC(=O)C=C(NC)C(F)(F)F,NDCZMOSQVJGZCK-UHFFFAOYSA-N,0
52888-49-0,"methyl 2-[(2,6-dimethylphenyl)amino]propanoate",COC(=O)C(C)Nc1c(C)cccc1C,NEOYGRJJOGVQPO-UHFFFAOYSA-N,0
17418-58-5,"1-amino-4-hydroxy-2-phenoxy-9,10-dihydroanthracene-9,10-dione",Nc1c(Oc2ccccc2)cc(O)c2c1C(=O)c1ccccc1C2=O,MHXFWEJMQVIWDH-UHFFFAOYSA-N,0
94-28-0,2-(2-{2-[(2-ethylhexanoyl)oxy]ethoxy}ethoxy)ethyl 2-ethylhexanoate,CCCCC(CC)C(=O)OCCOCCOCCOC(=O)C(CC)CCCC,FRQDZJMEHSJOPU-UHFFFAOYSA-N,0
60857-05-8,4-methylene-2-(2-methylprop-1-en-1-yl)tetrahydro-2H-pyran,C=C1CCOC(C=C(C)C)C1,JRIATCFPZFOVNP-UHFFFAOYSA-N,1
93-18-5,2-ethoxynaphthalene,CCOc1ccc2ccccc2c1,GUMOJENFFHZAFP-UHFFFAOYSA-N,0
30399-84-9,2-methylheptadecanoic acid,CCCCCCCCCCCCCCCCCC(=O)O,QIQXTHQIDYTFRH-UHFFFAOYSA-N,0
5131-58-8,"4-nitrobenzene-1,3-diamine",Nc1ccc([N+](=O)[O-])c(N)c1,DPIZKMGPXNXSGL-UHFFFAOYSA-N,0
91-16-7,"1,2-dimethoxybenzene",COc1ccccc1OC,ABDKAPXRBAPSQN-UHFFFAOYSA-N,0
57374-49-9,methyl 2-[3-(acetyloxy)-2-pentylcyclopent-2-en-1-yl]acetate,CCCCCC1=C(OC(C)=O)CCC1CC(=O)OC,IVEVYZAZHQVESM-UHFFFAOYSA-N,0
18063-03-1,"2,6-difluorobenzamide",NC(=O)c1c(F)cccc1F,AVRQBXVUUXHRMY-UHFFFAOYSA-N,0
327-78-6,-,O=C=Nc1ccc(Cl)c(C(F)(F)F)c1,NBJZEUQTGLSUOB-UHFFFAOYSA-N,1
361366-16-7,-,CCOC(=O)C1(OC(=O)Cc2ccc(Cl)cc2Cl)CCCCC1,RDKYUGAYISTHTP-UHFFFAOYSA-N,0
629-50-5,tridecane,CCCCCCCCCCCCC,IIYFAKIEWZDVMP-UHFFFAOYSA-N,1
2399-48-6,oxolan-2-ylmethyl prop-2-enoate,C=CC(=O)OCC1CCCO1,YNXCGLKMOXLBOD-UHFFFAOYSA-N,1
26266-58-0,anhydro-D-glucitol trioleate,CCCCCCCCC=CCCCCCCCC(=O)OCC(OC(=O)CCCCCCCC=CCCCCCCCC)C1OCC(O)C1OC(=O)CCCCCCCC=CCCCCCCCC,PRXRUNOAOLTIEF-UHFFFAOYSA-N,0
268567-32-4,-,CC(C)COP(=S)(OCC(C)C)SCC(C)C(=O)O,NPRQLWMILWHEDI-UHFFFAOYSA-N,0
15793-73-4,"4-[(E)-2-(2-chloro-4-{3-chloro-4-[(E)-2-[3-methyl-1-(4-methylphenyl)-5-oxo-4,5-dihydro-1H-pyrazol-4-yl]diazen-1-yl]phenyl}phenyl)diazen-1-yl]-3-methyl-1-(4-methylphenyl)-4,5-dihydro-1H-pyrazol-5-one",Cc1ccc(-n2[nH]c(C)c(/N=N/c3ccc(-c4ccc(/N=N/c5c(C)[nH]n(-c6ccc(C)cc6)c5=O)c(Cl)c4)cc3Cl)c2=O)cc1,XKLGVAZLSVNNQT-HVMBLDELSA-N,0
765-12-8,unnamed [765-12-8],C=COCCOCCOCCOC=C,CYIGRWUIQAVBFG-UHFFFAOYSA-N,0
292605-05-1,-,C=C(C)COCCC=CCC,LIWYPQFTKLABSJ-UHFFFAOYSA-N,1
24731-73-5,3-oxo-N-[4-(3-oxobutanamido)phenyl]butanamide,CC(=O)CC(=O)Nc1ccc(NC(=O)CC(C)=O)cc1,OWGNKUKYZPVEFS-UHFFFAOYSA-N,0
55502-61-9,unnamed [55502-61-9],COc1ccc(CC(C#N)C(=O)O)cc1OC,KKZDZTIKRNEPQG-UHFFFAOYSA-N,0
13197-76-7,3-(dodecyldimethylazaniumyl)-2-hydroxypropane-1-sulfonate,CCCCCCCCCCCC[N+](C)(C)CC(O)CS(=O)(=O)O,DDGPBVIAYDDWDH-UHFFFAOYSA-O,0
130-15-4,"1,4-dihydronaphthalene-1,4-dione",O=C1C=CC(=O)c2ccccc21,FRASJONUBLZVQX-UHFFFAOYSA-N,1
9004-77-7,"Poly(oxy-1,2-ethanediyl), ????-butyl-?????-hydroxy-",CCCCOCCO,POAOYUHQDCAZBD-UHFFFAOYSA-N,0
174489-43-1,-,C=CCOC(=O)C(C)(C)OC(=O)c1cc(N)ccc1Cl,RGPKEFLHWNRAPS-UHFFFAOYSA-N,0
110-01-0,thiolane,C1CCSC1,RAOIDOHSFRTOEL-UHFFFAOYSA-N,1
3068-76-6,N-[3-(trimethoxysilyl)propyl]aniline,CO[Si](CCCNc1ccccc1)(OC)OC,KBJFYLLAMSZSOG-UHFFFAOYSA-N,0
87-62-7,"2,6-dimethylaniline",Cc1cccc(C)c1N,UFFBMTHBGFGIHF-UHFFFAOYSA-N,1
110-27-0,propan-2-yl tetradecanoate,CCCCCCCCCCCCCC(=O)OC(C)C,AXISYYRBXTVTFY-UHFFFAOYSA-N,0
124-30-1,octadecan-1-amine,CCCCCCCCCCCCCCCCCCN,REYJJPSVUYRZGE-UHFFFAOYSA-N,1
68955-55-5,unnamed [68955-55-5],C=[N+](O)CCCCCCCCCCCCCCC,VRYUNZHNPMJMBV-UHFFFAOYSA-N,1
84170-74-1,unnamed [84170-74-1],C=CC(=O)OCCCOCC(C)(C)COCCCOC(=O)C=C,NQGDHQASSFDDLD-UHFFFAOYSA-N,0
608-27-5,"2,3-dichloroaniline",Nc1cccc(Cl)c1Cl,BRPSAOUFIJSKOT-UHFFFAOYSA-N,1
1120-24-7,"N,N-dimethyldecan-1-amine",CCCCCCCCCCN(C)C,YWWNNLPSZSEZNZ-UHFFFAOYSA-N,1
112-75-4,"N,N-dimethyltetradecan-1-amine",CCCCCCCCCCCCCCN(C)C,SFBHPFQSSDCYSL-UHFFFAOYSA-N,1
80675-49-6,unnamed [80675-49-6],COc1ccc([N+](=O)[O-])cc1N/N=C(/C(C)=O)C(=O)Nc1ccccc1OC,PTIXBWVYZMEUQE-FXBPSFAMSA-N,0
1003-52-7,"4-methyl-1,3-oxazole-5-carbonitrile",Cc1ncoc1C#N,JZSLPQXOLZCAME-UHFFFAOYSA-N,0
2425-79-8,2-{[4-(oxiran-2-ylmethoxy)butoxy]methyl}oxirane,C(CCOCC1CO1)COCC1CO1,SHKUUQIDMUMQQK-UHFFFAOYSA-N,0
105-76-0,"1,4-dibutyl (2Z)-but-2-enedioate",CCCCOC(=O)C=CC(=O)OCCCC,JBSLOWBPDRZSMB-UHFFFAOYSA-N,1
