,name,SMILES,Status,Experimental value,Class,Id,Exp Value,VEGA_PREDICTION,Pred,Label_prediction
0,N.A.,OCC4=CC(NC1C(O)C(O)C(OC1(C))OC2C(O)C(O)C(OC2(CO))OC3C(O)C(O)C(O)OC3(CO))C(O)C(O)C4(O),Training,Toxic,1,,,,,
1,N.A.,O=C(Nc1ccc(O)cc1)C,Training,Toxic,1,,,,,
2,N.A.,O=C1N=CNc2cn[nH]c12,Training,Toxic,1,,,,,
3,N.A.,N#CC(c1cc(cc(c1)C(C#N)(C)C)Cn2ncnc2)(C)C,Training,Toxic,1,,,,,
4,N.A.,O=[N+]([O-])c1ncn(c1Sc3ncnc2[nH]cnc23)C,Training,Toxic,1,,,,,
5,N.A.,O=C(O)CC(c1ccc(cc1)Cl)CN,Training,Toxic,1,,,,,
6,N.A.,N#Cc1ccc(cc1C(F)(F)F)NC(=O)C(O)(C)CS(=O)(=O)c2ccc(F)cc2,Training,Toxic,1,,,,,
7,N.A.,O=C(O)C1=NN(c2cc3OCOc3(cc2(C1(=O))))CC,Training,Toxic,1,,,,,
8,N.A.,N2=C(Nc1c(cccc1Cl)Cl)NCC2,Training,Toxic,1,,,,,
9,N.A.,N=1c4ccc(cc4(NC(=C2C=CC=CC=12)N3CCN(C)CC3))Cl,Training,Toxic,1,,,,,
10,N.A.,O=C1N=C(N)C=CN1C2OC(CO)C(O)C2(O),Training,Toxic,1,,,,,
11,N.A.,O=C6OC(C)C(NC(=O)c2ccc(c1OC=5C(=Nc12)C(C(=O)NC3C(=O)NC(C(=O)N4CCCC4(C(=O)N(C)CC(=O)N(C)C(C(=O)OC3(C))C(C)C))C(C)C)=C(N)C(=O)C=5C)C)C(=O)NC(C(=O)N7CCCC7(C(=O)N(C)CC(=O)N(C)C6C(C)C))C(C)C,Training,Toxic,1,,,,,
12,N.A.,O=C3N=CNc1c3(ncn1C2OC(CO)CC2),Training,Toxic,1,,,,,
13,N.A.,C(N(CC)CC)(=S)SSC(N(CC)CC)=S,Training,Toxic,1,,,,,
14,N.A.,O3c1ccccc1C(=CCCN(C)C)c2ccccc2C3,Training,Toxic,1,,,,,
15,N.A.,O=C(Nc1ccccc1CCC2N(C)CCCC2)c3ccc(OC)cc3,Training,Toxic,1,,,,,
16,N.A.,O=C(OCC)C=C(C=CC=C(C=Cc1c(cc(OC)c(c1C)C)C)C)C,Training,Toxic,1,,,,,
17,N.A.,O=C(OCC(c1ccccc1)COC(=O)N)N,Training,Toxic,1,,,,,
18,N.A.,O=C(NCC1NCCCC1)c2cc(OCC(F)(F)F)ccc2(OCC(F)(F)F),Training,Toxic,1,,,,,
19,N.A.,Fc1ccc(c(F)c1)C(O)(Cn2ncnc2)Cn3ncnc3,Training,Toxic,1,,,,,
20,N.A.,O=C(Nc1ccc(c(c1)C(F)(F)F)[N+](=O)[O-])C(C)C,Training,Toxic,1,,,,,
21,N.A.,FC(F)(F)c1ccc(cc1)C(=NOCCN)CCCCOC,Training,Toxic,1,,,,,
22,N.A.,O=C3C=C(OC)C2(Oc1c(c(OC)cc(OC)c1Cl)C2(=O))C(C)C3,Training,Toxic,1,,,,,
23,N.A.,O=C(NC2c1ccccc1CC2(O))C(Cc3ccccc3)CC(O)CN5CCN(Cc4cnccc4)CC5(C(=O)NC(C)(C)C),Training,Toxic,1,,,,,
24,N.A.,O=C1N(N=CN1c2ccc(cc2)N7CCN(c6ccc(OCC3OC(OC3)(c4ccc(cc4Cl)Cl)Cn5ncnc5)cc6)CC7)C(C)CC,Training,Toxic,1,,,,,
25,N.A.,O=C(N5CCN(c4ccc(OCC1OC(OC1)(c2ccc(cc2Cl)Cl)Cn3cncc3)cc4)CC5)C,Training,Toxic,1,,,,,
26,N.A.,O=C1N=C(N)C=CN1C2OC(CO)SC2,Training,Toxic,1,,,,,
27,N.A.,n1nc(c(nc1N)N)c2cccc(c2Cl)Cl,Training,Toxic,1,,,,,
28,N.A.,O=C3OC(CCC2C(C=CC1=CC(C)CC(OC(=O)C(C)CC)C12)C)CC(O)C3,Training,Toxic,1,,,,,
29,N.A.,O=C(O)c2ccccc2(Nc1cccc(c1C)C),Training,Toxic,1,,,,,
30,N.A.,O=C(O)C2=C(C(C)C1N2(C(=O)C1(C(O)C)))SC3NC(C(=O)N(C)C)CC3,Training,Toxic,1,,,,,
31,N.A.,O=C(O)CCC(NC(=O)c1ccc(cc1)N(C)Cc2nc3c(nc2)nc(nc3(N))N)C(=O)O,Training,Toxic,1,,,,,
32,N.A.,O=C(OCCOC)C2=C(NC(=C(C(=O)OC(C)C)C2(c1cccc(c1)[N+](=O)[O-]))C)C,Training,Toxic,1,,,,,
33,N.A.,O=C2NC(=O)CN2(N=Cc1oc(cc1)[N+](=O)[O-]),Training,Toxic,1,,,,,
34,N.A.,O=C(O)C1=CN(c2cc(c(F)cc2(C1(=O)))N3CCNCC3)CC,Training,Toxic,1,,,,,
35,N.A.,N=2c4ccccc4(Nc1c(cc(C)s1)C=2N3CCN(C)CC3),Training,Toxic,1,,,,,
36,N.A.,NNCCc1ccccc1,Training,Toxic,1,,,,,
37,N.A.,O=C(O)CC(O)CC(O)CCC2C(C=CC1=CC(O)CC(OC(=O)C(C)CC)C12)C,Training,Toxic,1,,,,,
38,N.A.,O=C(OC3C(C)C(OC)C=COC1(Oc4c(C1(=O))c5C2=NC6(NC2=C(NC(=O)C(=CC=CC(C)C(O)C(C)C(O)C3(C))C)C(=O)c5(c(O)c4C))(CCN(CC6)CC(C)C))C)C,Training,Toxic,1,,,,,
39,N.A.,O=C1C(=C(N=C2N1CCCC2)C)CCN5CCC(c4noc3cc(F)ccc34)CC5,Training,Toxic,1,,,,,
40,N.A.,O=C1NC(=O)N(C=C1C)C2OC(C=C2)CO,Training,Toxic,1,,,,,
41,N.A.,n1c[nH]c2c1N=C(N)NC2=S,Training,Toxic,1,,,,,
42,N.A.,O=C1OC(C(=O)N1C)(C)C,Training,Toxic,1,,,,,
43,N.A.,O=C(O)CCC(C)C2CCC3C4C(O)CC1CC(O)CCC1(C)C4(CCC23(C)),Training,Toxic,1,,,,,
44,N.A.,O=C(OC1CCCC1)Nc2ccc3c(c2)c(cn3C)Cc4ccc(cc4(OC))C(=O)NS(=O)(=O)c5ccccc5C,Training,Toxic,1,,,,,
45,N.A.,O=C1NC(=O)N(C=C1C)C2OC(CO)C(NN=N)C2,Training,Toxic,1,,,,,
46,N.A.,O=C(N)N(O)C(c2cc1ccccc1s2)C,Training,Toxic,1,,,,,
47,N.A.,OC3C(=C)C(=CC=C1CCCC2(C)(C1CCC2(C(C)CCCC(C)C)))CC(O)C3,Training,Toxic,1,,,,,
48,N.A.,O=[N+]([O-])c1cc(c(c(c1)[N+](=O)[O-])C)[N+](=O)[O-],Training,Toxic,1,,,,,
49,N.A.,OCC1OC(O)CC(O)C1(O),Training,Toxic,1,,,,,
50,N.A.,O=C1NC(=O)N(C=C1C)C2OC(CO)C(O)C2(F),Training,Toxic,1,,,,,
51,N.A.,Oc1cc2c(cc1(OC))C3CCC4(C)(C(O)CCC4(C3(CC2))),Training,Toxic,1,,,,,
52,N.A.,O=C1NC=C(F)C(=O)N1,Training,Toxic,1,,,,,
53,N.A.,O=C1N=C(N=CN1C2OC(CO)C(O)C2(O))N,Training,Toxic,1,,,,,
54,N.A.,O=C1NC(=O)N(C=C1(F))C2OC(CO)C(O)C2,Training,Toxic,1,,,,,
55,N.A.,n1cnc(c2NCNc12)S,Training,Toxic,1,,,,,
56,N.A.,O=C(Nc1nnc(s1)S(=O)(=O)N)C,Training,Toxic,1,,,,,
57,N.A.,O=C(NC1CCCCC1)NS(=O)(=O)c2ccc(cc2)C(=O)C,Training,Toxic,1,,,,,
58,N.A.,O=C(O)C(NC(=O)C)CS,Training,Toxic,1,,,,,
59,N.A.,O=C(O)c1ccccc1(OC(=O)C),Training,Toxic,1,,,,,
60,N.A.,O=C(OCOP(=O)(OCOC(=O)C(C)(C)C)COCCn2cnc1c(ncnc12)N)C(C)(C)C,Training,Toxic,1,,,,,
61,N.A.,OC1N5C3CC(C1(CC))C6C(O)C4(c2ccccc2N(C)C34)(CC56),Training,Toxic,1,,,,,
62,N.A.,O=C(O)C1=CN(c2nc(c(F)cc2(C1(=O)))N3CC4C(NC(=O)C(NC(=O)C(N)C)C)C4(C3))c5ccc(F)cc5(F),Training,Toxic,1,,,,,
63,N.A.,O=C(OC)Nc1nc2ccc(cc2([nH]1))SCCC,Training,Toxic,1,,,,,
64,N.A.,c1ccc(cc1)CCCN(CC)CCCc2ccccc2,Training,Toxic,1,,,,,
65,N.A.,O=C(NC3CC(N)C(OC1OC(CN)C(O)C(O)C1(O))C(O)C3(OC2OC(CO)C(O)C(N)C2(O)))C(O)CCN,Training,Toxic,1,,,,,
66,N.A.,O=C(NC(=N)N)c1nc(c(nc1(N))N)Cl,Training,Toxic,1,,,,,
67,N.A.,O=C(O)CCCCCCNC3c1ccccc1CCc2ccccc23,Training,Toxic,1,,,,,
68,N.A.,O=C2C(=C(N(N2(c1ccccc1))C)C)N(C)C,Training,Toxic,1,,,,,
69,N.A.,c1ccc3c(c1)C(=CCCN(C)C)c2ccccc2CC3,Training,Toxic,1,,,,,
70,N.A.,Oc1ccc(cc1CN(CC)CC)Nc3ccnc2cc(ccc23)Cl,Training,Toxic,1,,,,,
71,N.A.,O=C(O)C3C(O)CC2(O)(OC3(CC(OC1OC(C)C(O)C(N)C1(O))C=CC=CC=CC=CC=CC=CC=CC(C)C(O)C(C)C(OC(=O)CC(O)CC(O)CCC(O)C(O)CC(O)C2)C)),Training,Toxic,1,,,,,
72,N.A.,O=C(OC1COCC1)NC(Cc2ccccc2)C(O)CN(CC(C)C)S(=O)(=O)c3ccc(N)cc3,Training,Toxic,1,,,,,
73,N.A.,O=S(=O)(Nc4ccc(Nc2c3ccccc3(nc1ccccc12))c(OC)c4)C,Training,Toxic,1,,,,,
74,N.A.,Oc2cccc3cc1cccc(O)c1c(O)c23,Training,Toxic,1,,,,,
75,N.A.,O=C1C(O)=C(O)OC1C(O)CO,Training,Toxic,1,,,,,
76,N.A.,N(CC)(CC)CCCN1CCC2(C1)(CCC(CCC)(CCC)CC2),Training,Toxic,1,,,,,
77,N.A.,O(c1ccccc1C)C(c2ccccc2)CCNC,Training,Toxic,1,,,,,
78,N.A.,O=C(NS(=O)(=O)Oc1c(cccc1C(C)C)C(C)C)Cc2c(cc(cc2C(C)C)C(C)C)C(C)C,Training,Toxic,1,,,,,
79,N.A.,O=C(O)C4N3C(=O)C(NC(=O)C(NC(=O)N1C(=O)NCC1)c2ccccc2)C3SC4(C)(C),Training,Toxic,1,,,,,
80,N.A.,O=C(O)COc1nn(c2ccccc12)Cc3ccccc3,Training,Toxic,1,,,,,
81,N.A.,O=C(O)C(c1ccc2oc(nc2(c1))c3ccc(cc3)Cl)C,Training,Toxic,1,,,,,
82,N.A.,O=C(c1ccc(O)cc1)c2c3ccccc3(oc2CC),Training,Toxic,1,,,,,
83,N.A.,O=C(c1cc(c(O)c(c1)Br)Br)c2c3ccccc3(oc2CC),Training,Toxic,1,,,,,
84,N.A.,O=C2C(=O)C1=C(OC(C)(C)CC1)c3ccccc23,Training,Toxic,1,,,,,
85,N.A.,OC4CC3=CCC1C(CCC2(C)(C(CCC12)C(C)CCC(CC)C(C)C))C3(C)CC4,Training,Toxic,1,,,,,
86,N.A.,O=C(O)C25(CCC(C(=C)C)C5(C3CCC1C4(C)(CCC(O)C(C)(C)C4(CCC1(C)C3(C)(CC2))))),Training,Toxic,1,,,,,
87,N.A.,O=C(O)C(Oc1ccc(cc1)CCNC(=O)c2ccc(cc2)Cl)(C)C,Training,Toxic,1,,,,,
88,N.A.,O=C(O)c6nc(c5nc(CCNC(=O)C(NC(=O)C(C)C(O)C(NC(=O)C(NC(=O)c1nc(nc(N)c1C)C(NCC(N)C(=O)N)CC(=O)N)C(OC3OC(CO)C(O)C(O)C3(OC2OC(CO)C(O)C(OC(=O)N)C2(O)))c4cnc[nH]4)C)C(O)C)sc5)sc6,Training,Toxic,1,,,,,
89,N.A.,O=C(NC(C(=O)NC(B(O)O)CC(C)C)Cc1ccccc1)c2nccnc2,Training,Toxic,1,,,,,
90,N.A.,O=S(=O)(Nc2nc(nc(OCCO)c2(Oc1ccccc1(OC)))c3ncccn3)c4ccc(cc4)C(C)(C)C,Training,Toxic,1,,,,,
91,N.A.,O=C(O)Cc2cccc(C(=O)c1ccc(cc1)Br)c2(N),Training,Toxic,1,,,,,
92,N.A.,O=C(OC2C(OC1COP(=O)(O)OC12)n4cnc3c(ncnc34)NC(=O)CCC)CCC,Training,Toxic,1,,,,,
93,N.A.,O=S(=O)(OCCCCOS(=O)(=O)C)C,Training,Toxic,1,,,,,
94,N.A.,O=C1NC(=O)C(C(=O)N1)(CC=C)CC(C)C,Training,Toxic,1,,,,,
95,N.A.,O=C2c1c(ncn1C)N(C(=O)N2C)C,Training,Toxic,1,,,,,
96,N.A.,O=C(OC(OC(=O)c2cccc1nc(OCC)n(c12)Cc3ccc(cc3)c5ccccc5(c4nn[nH]n4))C)OC6CCCCC6,Training,Toxic,1,,,,,
97,N.A.,Oc1cc(cc(O)c1C2C=C(C)CCC2(C(=C)C))CCCCC,Training,Toxic,1,,,,,
98,N.A.,O=C1N=C(NC(=O)OCCCCC)C(F)=CN1C2OC(C)C(O)C2(O),Training,Toxic,1,,,,,
99,N.A.,O=C(NCc1ccc(O)c(OC)c1)CCCCC=CC(C)C,Training,Toxic,1,,,,,
100,N.A.,O=C(O)C(C(=O)NC2C(=O)N1C(C(=O)O)C(C)(C)SC12)c3ccccc3,Training,Toxic,1,,,,,
101,N.A.,O=C(OCC)N1C=CN(C1=S)C,Training,Toxic,1,,,,,
102,N.A.,O=C(O)C1(C(=O)O)(CCC1),Training,Toxic,1,,,,,
103,N.A.,O=NN(C(=O)NCCCl)CCCl,Training,Toxic,1,,,,,
104,N.A.,O=C(O)C4=C(CSc1nnc(C)s1)CSC3N4(C(=O)C3(NC(=O)Cn2nnnc2)),Training,Toxic,1,,,,,
105,N.A.,O=S(=O)(N)c1ccc(cc1)n3nc(cc3(c2ccc(cc2)C))C(F)(F)F,Training,Toxic,1,,,,,
106,N.A.,O=C(O)C4=C(C[n+]1ccccc1)CSC3N4(C(=O)C3(NC(=O)Cc2cccs2)),Training,Toxic,1,,,,,
107,N.A.,O=C(O)C2=C(COC(=O)C)CSC1N2(C(=O)C1(NC(=O)CCCC(N)C(=O)O)),Training,Toxic,1,,,,,
108,N.A.,OC(O)C(Cl)(Cl)Cl,Training,Toxic,1,,,,,
109,N.A.,O=C(O)CCCc1ccc(cc1)N(CCCl)CCCl,Training,Toxic,1,,,,,
110,N.A.,O=C(NC(CO)C(O)c1ccc(cc1)[N+](=O)[O-])C(Cl)Cl,Training,Toxic,1,,,,,
111,N.A.,N=C(Nc1ccc(cc1)Cl)NC(=N)NC(C)C,Training,Toxic,1,,,,,
112,N.A.,n1csc(c1C)CCCl,Training,Toxic,1,,,,,
113,N.A.,O=C2N(C)C(c1ccc(cc1)Cl)S(=O)(=O)CC2,Training,Toxic,1,,,,,
114,N.A.,C1CC(NC(C)CCCN(CC)CC)c2ccc(cc2(N1))Cl,Training,Toxic,1,,,,,
115,N.A.,n1ccccc1C(c2ccc(cc2)Cl)CCN(C)C,Training,Toxic,1,,,,,
116,N.A.,O=C(NCCC)NS(=O)(=O)c1ccc(cc1)Cl,Training,Toxic,1,,,,,
117,N.A.,Oc1nc2cc(ccc2(o1))Cl,Training,Toxic,1,,,,,
118,N.A.,O=C(c1ccc(OC(C(=O)NCCS(=O)(=O)O)(C)C)cc1)c2ccc(cc2)Cl,Training,Toxic,1,,,,,
119,N.A.,N#CNC(=NC)NCCSCc1nc[nH]c1C,Training,Toxic,1,,,,,
120,N.A.,O=C(O)C(Oc1ccc(cc1)C2CC2(Cl)Cl)(C)C,Training,Toxic,1,,,,,
121,N.A.,O=C(O)C2C(OC1N2(C(=O)C1))=CCO,Training,Toxic,1,,,,,
122,N.A.,O=C(NC(C1OC(C(O)C(O)C1(O))SC)C(C)Cl)C2N(C)CC(CCC)C2,Training,Toxic,1,,,,,
123,N.A.,O=C3N(c1ccccc1)c2cc(ccc2N(C(=O)C3)C)Cl,Training,Toxic,1,,,,,
124,N.A.,O=C(OCC)C(Oc1ccc(cc1)Cl)(C)C,Training,Toxic,1,,,,,
125,N.A.,O=C(OC)C(c1ccccc1Cl)N3Cc2ccsc2CC3,Training,Toxic,1,,,,,
126,N.A.,O=C2N(c1c(cc(CC)s1)C(=NC2)c3ccccc3Cl)C,Training,Toxic,1,,,,,
127,N.A.,O=C(O)C3N2C(=O)C(NC(=O)C(N)c1ccc(O)cc1)C2SC3(C)(C),Training,Toxic,1,,,,,
128,N.A.,OC1C=CC5C4N(C)CCC25(c3c(OC12)c(OC)ccc3C4),Training,Toxic,1,,,,,
129,N.A.,O=C1C=C3C(=CC=C1(OC))c2c(OC)c(OC)c(OC)cc2CCC3(NC(=O)C),Training,Toxic,1,,,,,
130,N.A.,O=C(C=Cc1ccc(O)c(OC)c1)CC(=O)C=Cc2ccc(O)c(OC)c2,Training,Toxic,1,,,,,
131,N.A.,OC6CC5=CCC4C3C(=C(C)C2(OC1CC(C)CNC1C2(C))(CC3))CC4C5(C)CC6,Training,Toxic,1,,,,,
132,N.A.,O=C1NC(C(=O)NC(C(=O)N(C)C(C(=O)NC(C(=O)NC(C(=O)N(C)C(C(=O)N(C)C(C(=O)N(C)C(C(=O)N(C)C(C(=O)NC(C(=O)N(C)C1)CC)C(O)C(C)CC=CC)C(C)C)CC(C)C)CC(C)C)C)C)CC(C)C)C(C)C)CC(C)C,Training,Toxic,1,,,,,
133,N.A.,c1ccc3c(c1)C=Cc2ccccc2C3=C4CCN(C)CC4,Training,Toxic,1,,,,,
134,N.A.,O=C(OC4(C(=O)C)(CCC3C5C=C(C2=CC(=O)C1CC1C2(C)C5(CCC34(C)))Cl))C,Training,Toxic,1,,,,,
135,N.A.,O=C(N)c1nc[nH]c1(N=NN(C)C),Training,Toxic,1,,,,,
136,N.A.,O=S(=O)(c1ccc(N)cc1)c2ccc(N)cc2,Training,Toxic,1,,,,,
137,N.A.,O=C1N=C(N=CN1C2OC(CO)C(O)C2)N,Training,Toxic,1,,,,,
138,N.A.,O=C(O)c1ccc(cc1)n3nc(nc3(c2ccccc2(O)))c4ccccc4(O),Training,Toxic,1,,,,,
139,N.A.,O=C(NCCCCCN(O)C(=O)C)CCC(=O)N(O)CCCCCNC(=O)CCC(=O)N(O)CCCCCN,Training,Toxic,1,,,,,
140,N.A.,O=C1C=CC3(C(=C1)CCC2C4CC(C)C(O)(C(=O)CO)C4(C)(CC(O)C23(F)))(C),Training,Toxic,1,,,,,
141,N.A.,O(c1ccc2c(c1)C34(CCN(C)C(C2)C4(CCCC3)))C,Training,Toxic,1,,,,,
142,N.A.,O=C1N(c3ccc(cc3(C(=NC1)c2ccccc2))Cl)C,Training,Toxic,1,,,,,
143,N.A.,O=S2(O)(=NC(=Nc1ccc(cc12)Cl)C),Training,Toxic,1,,,,,
144,N.A.,O=P(O)(O)Oc1ccc(cc1)C(=C(c2ccc(OP(=O)(O)O)cc2)CC)CC,Training,Toxic,1,,,,,
145,N.A.,N=C1NNC(=N)c2ccccc12,Training,Toxic,1,,,,,
146,N.A.,O=C(NC1(OC3(O)(N(C1(=O))C(C(=O)N2CCCC23)Cc4ccccc4))C)C7CN(C)C8Cc6c[nH]c5cccc(c56)C8(C7),Training,Toxic,1,,,,,
147,N.A.,O=S(C)C,Training,Toxic,1,,,,,
148,N.A.,O=C1C(=C(N(N1c2ccccc2)C)C)N(C)CS(=O)(=O)O,Training,Toxic,1,,,,,
149,N.A.,O=C(OC(C(C=CC=C)C)C(C)C(O)C(C)CC(=CC(C)C(O)C(C=CC(O)CC1OC(=O)C(C)C(O)C1(C))C)C)N,Training,Toxic,1,,,,,
150,N.A.,O=C(N)C(c1ncccc1)(c2ccccc2)CCN(C(C)C)C(C)C,Training,Toxic,1,,,,,
151,N.A.,O=C(O)CCC=CCC=CCC=CCC=CCC=CCC=CCC,Training,Toxic,1,,,,,
152,N.A.,c1ccc3c(c1)C(=CCCN(C)C)c2ccccc2SC3,Training,Toxic,1,,,,,
153,N.A.,O=C2N(CC)CC(CCN1CCOCC1)C2(c3ccccc3)c4ccccc4,Training,Toxic,1,,,,,
154,N.A.,O=C1NC(=O)C(C=C1(F))C2OC(C)C(O)C2(O),Training,Toxic,1,,,,,
155,N.A.,O=C1c5cccc(OC)c5(C(=O)C2C(O)=C4C(=C(O)C12)CC(O)(C(=O)CO)CC4(OC3OC(C)C(O)C(N)C3)),Training,Toxic,1,,,,,
156,N.A.,O(c1cccc2ccccc12)C(c3cccs3)CCNC,Training,Toxic,1,,,,,
157,N.A.,O=C4C=C3C=CC1C(CCC2(C)(C(C(=O)C)CCC12))C3(C)CC4,Training,Toxic,1,,,,,
158,N.A.,O=C(Oc2c(c1OCOc1c6c2C9C5N(C(O)C4N(C)C5(c3c(O)c(OC)c(cc3C4)C))C6COC(=O)C8(NCCc7cc(O)c(OC)cc78)CS9)C)C,Training,Toxic,1,,,,,
159,N.A.,O=C2OC(C#CC1CC1)(c3cc(ccc3(N2))Cl)C(F)(F)F,Training,Toxic,1,,,,,
160,N.A.,O=C(O)C(NC(C(=O)N1CCCC1(C(=O)O))C)CCc2ccccc2,Training,Toxic,1,,,,,
161,N.A.,FC(F)OC(F)(F)C(F)Cl,Training,Toxic,1,,,,,
162,N.A.,O=C(O)C4(C)(CCC5(C)(CCC2(C(=CC(=O)C1C3(C)(CCC(O)C(C)(C)C3(CCC12(C))))C5(C4))(C))),Training,Toxic,1,,,,,
163,N.A.,N#CC(=Cc1cc(O)c(O)c(c1)[N+](=O)[O-])C(=O)N(CC)CC,Training,Toxic,1,,,,,
164,N.A.,OC(c1ccccc1)C(NC)C,Training,Toxic,1,,,,,
165,N.A.,Oc1ccc(cc1(O))C(O)CNC,Training,Toxic,1,,,,,
166,N.A.,O=C(O)CCCCCN,Training,Toxic,1,,,,,
167,N.A.,O=C(NC1(OC3(O)(N(C1(=O))C(C(=O)N2CCCC23)Cc4ccccc4))C)C8C=C7c6cccc5[nH]cc(c56)CC7N(C)C8,Training,Toxic,1,,,,,
168,N.A.,O=C(OCC)CCC(=O)OC1C(OC(C)CC1(N(C)C))OC3C(C)C(OC2OC(C)C(O)C(OC)(C)C2)C(C(=O)OC(CC)C(O)(C)C(O)C(C(=O)C(C)CC3(O)(C))C)C,Training,Toxic,1,,,,,
169,N.A.,O=C3OC(CC)C(O)(C)CC(C(=O)C(C)CC(O)(C)C(OC1OC(C)CC(N(C)C)C1(O))CC(OC2OC(C)C(O)C(OC)(C)C2)C3C)C,Training,Toxic,1,,,,,
170,N.A.,O=S(c1nc2cc(OC)ccc2([nH]1))Cc3ncc(c(OC)c3C)C,Training,Toxic,1,,,,,
171,N.A.,O=C2CCC3C4CCc1cc(O)ccc1C4(CCC23(C)),Training,Toxic,1,,,,,
172,N.A.,C#CC3(O)(CCC2C4CCc1cc(O)ccc1C4(CCC23(C))),Training,Toxic,1,,,,,
173,N.A.,C#CC3(O)(CCC2C4CCc1cc(OC)ccc1C4(CCC23(C))),Training,Toxic,1,,,,,
174,N.A.,n1ccc(cc1CC)C(N)=S,Training,Toxic,1,,,,,
175,N.A.,O=C(OCC)C1(OC1)CCCCCCOc2ccc(cc2)Cl,Training,Toxic,1,,,,,
176,N.A.,O=S(=O)(c2cccc1cnccc12)N3CCNCCC3,Training,Toxic,1,,,,,
177,N.A.,O=C(c1ccc(OC(C(=O)OC(C)C)(C)C)cc1)c2ccc(cc2)Cl,Training,Toxic,1,,,,,
178,N.A.,O=C(C=C(C=CC=C(C=CC1=C(C)CCCC1(C)C)C)C)Nc2ccc(O)cc2,Training,Toxic,1,,,,,
179,N.A.,O=C2OC(C(=CC1CCC(O)C(OC)C1)C)C(C)C(O)CC(=O)C(C=C(C)CC(C)CC(OC)C4OC(O)(C(=O)C(=O)N3CCCCC23)C(C)CC4(OC))CC=C,Training,Toxic,1,,,,,
180,N.A.,O=C(O)C4N3C(=O)C(NC(=O)c1c(noc1C)c2c(F)cccc2Cl)C3SC4(C)(C),Training,Toxic,1,,,,,
181,N.A.,O=C(O)c2ccccc2(Nc1cccc(c1)C(F)(F)F),Training,Toxic,1,,,,,
182,N.A.,O=C(O)CCC(NC(=O)c1ccc(cc1)NCc2nc3C(=O)N=C(N)Nc3(nc2))C(=O)O,Training,Toxic,1,,,,,
183,N.A.,n1cc(c[nH]1)C,Training,Toxic,1,,,,,
184,N.A.,OCC1OC(O)(CO)C(O)C1(O),Training,Toxic,1,,,,,
185,N.A.,O=P(O)(O)OCC1OC(O)(COP(=O)(O)O)C(O)C1(O),Training,Toxic,1,,,,,
186,N.A.,OCC(N)(CO)CCc1ccc(cc1)CCCCCCCC,Training,Toxic,1,,,,,
187,N.A.,O=C(O)c2cc(c(cc2(NCc1occc1))Cl)S(=O)(=O)N,Training,Toxic,1,,,,,
188,N.A.,O=C(O)CN(CC(=O)O)CCN(CC(=O)O)CCN(CC(=O)O)C(C(=O)O)COCc1ccccc1,Training,Toxic,1,,,,,
189,N.A.,O=C(O)C1=CN(c2c(OC)c(c(F)cc2(C1(=O)))N3CCNC(C)C3)C4CC4,Training,Toxic,1,,,,,
190,N.A.,Fc1ccc(cc1Cl)Nc4ncnc3cc(OC)c(OCCCN2CCOCC2)cc34,Training,Toxic,1,,,,,
191,N.A.,O=C(OC2C(=CC(C)C(O)C(OC)CC(C)CC=1C(=O)C(=CC(=O)C=1(OC))NC(=O)C(=CC=CC2(OC))C)C)N,Training,Toxic,1,,,,,
192,N.A.,O=C2C=C1CCC3C4C=CC(O)(C#C)C4(CC)(CCC3(C1CC2)),Training,Toxic,1,,,,,
193,N.A.,O=C(OCC(O)CO)c3ccccc3(Nc2ccnc1cc(ccc12)Cl),Training,Toxic,1,,,,,
194,N.A.,O=C(O)C(N)Cc1ccc(O)cc1,Training,Toxic,1,,,,,
195,N.A.,O=C(NN1CC2CCCC2(C1))NS(=O)(=O)c3ccc(cc3)C,Training,Toxic,1,,,,,
196,N.A.,O=C(O)C(N)CCC(=O)N,Training,Toxic,1,,,,,
197,N.A.,O=C2NC(=O)C(c1ccccc1)(CC)CC2,Training,Toxic,1,,,,,
198,N.A.,OCC(O)CO,Training,Toxic,1,,,,,
199,N.A.,O=C(O)CC(C(=O)O)S[Au],Training,Toxic,1,,,,,
200,N.A.,N=C(N)N,Training,Toxic,1,,,,,
201,N.A.,O=C1c3cc(c(cc3(N=CN1CC(=O)CC2NCCCC2(O)))Br)Cl,Training,Toxic,1,,,,,
202,N.A.,O=C(c1ccc(F)cc1)CCCN3CCC(O)(c2ccc(cc2)Cl)CC3,Training,Toxic,1,,,,,
203,N.A.,FC(F)(F)C(Cl)Br,Training,Toxic,1,,,,,
204,N.A.,O=C4c5c(O)cc(OC2OC(COC1OC(C)C(O)C(O)C1(O))C(O)C(O)C2(O))cc5(OC(c3ccc(OC)c(O)c3)C4),Training,Toxic,1,,,,,
205,N.A.,c1(c(c(c(c(c1Cl)Cl)Cl)Cl)Cl)Cl,Training,Toxic,1,,,,,
206,N.A.,O=C(OC)CC(O)(C(=O)OC2C(OC)=CC35(N(CCc1cc4OCOc4(cc1C23))CCC5))CCCC(O)(C)C,Training,Toxic,1,,,,,
207,N.A.,O=C(O)C4OC(OC3C(O)C(OC(OC2C(OC(OC1C(O)C(OC(O)C1(NC(=O)C))CO)C(O)C2(O))C(=O)O)C3(NC(=O)C))CO)C(O)C(O)C4(O),Training,Toxic,1,,,,,
208,N.A.,O=S(=O)(N)c1cc2c(cc1Cl)NCNS2(=O)(=O),Training,Toxic,1,,,,,
209,N.A.,O=C3C=C2CCC1C4CCC(O)(C(=O)CO)C4(C)(CC(O)C1C2(C)CC3),Training,Toxic,1,,,,,
210,N.A.,Oc1ccc(O)cc1,Training,Toxic,1,,,,,
211,N.A.,O=C(N)NO,Training,Toxic,1,,,,,
212,N.A.,O=C(O)C(c1ccc(cc1)CC(C)C)C,Training,Toxic,1,,,,,
213,N.A.,O=C(Nc1ccc(c(c1)Nc2nccc(n2)c3cnccc3)C)c4ccc(cc4)CN5CCN(C)CC5,Training,Toxic,1,,,,,
214,N.A.,c1ccc3c(c1)N(c2ccccc2CC3)CCCN(C)C,Training,Toxic,1,,,,,
215,N.A.,O=C4C=C3CCC2C(C(=C)CC1(CC)(C2(CCC1(O)(C#C))))C3CC4,Training,Toxic,1,,,,,
216,N.A.,OC1C(O)C(O)C(O)C(O)C1(O),Training,Toxic,1,,,,,
217,N.A.,Oc4ccc3c(ccc2[nH]c1c(cnc(NCCCN(C)C)c1c23)C)c4,Training,Toxic,1,,,,,
218,N.A.,O=C(NNC(C)C)COc1ccc(cc1)Cl,Training,Toxic,1,,,,,
219,N.A.,O=C(NNC(C)C)c1ccncc1,Training,Toxic,1,,,,,
220,N.A.,n1cccnc1NC(C)C,Training,Toxic,1,,,,,
221,N.A.,Oc1ccc(cc1(O))C(O)CNC(C)C,Training,Toxic,1,,,,,
222,N.A.,O=[N+]([O-])OC1COC2C(O[N+](=O)[O-])COC12,Training,Toxic,1,,,,,
223,N.A.,O=C5OC2CC(OC1(OC(C(C)CC)C(C)CC1)C2)CC=C(C)C(OC4OC(C)C(OC3OC(C)C(O)C(OC)C3)C(OC)C4)C(C=CC=C6COC7C(O)C(=CC5C67(O))C)C,Training,Toxic,1,,,,,
224,N.A.,O=C1Nc4ccccc4(C(=O)N1CCN3CCC(C(=O)c2ccc(F)cc2)CC3),Training,Toxic,1,,,,,
225,N.A.,O=C(O)C(N)Cc1ccc(O)c(O)c1,Training,Toxic,1,,,,,
226,N.A.,O=C(O)C(O)C,Training,Toxic,1,,,,,
227,N.A.,OCC2OC(OC1C(OC(O)(CO)C1(O))CO)C(O)C(O)C2(O),Training,Toxic,1,,,,,
228,N.A.,O=C(O)C(N)CCCN=C(N)N,Training,Toxic,1,,,,,
229,N.A.,O=COCC(OC=O)COP(=O)(O)OCC[N+](C)(C)C,Training,Toxic,1,,,,,
230,N.A.,O=C(Nc1ccc(cc1)C(F)(F)F)c2cnoc2C,Training,Toxic,1,,,,,
231,N.A.,O=CN1C=3C(=O)N=C(N)NC=3(NCC1CNc2ccc(cc2)C(=O)NC(C(=O)O)CCC(=O)O),Training,Toxic,1,,,,,
232,N.A.,O=C(Nc1c(cccc1C)C)CN(CC)CC,Training,Toxic,1,,,,,
233,N.A.,O=C(c1ccc(cc1)Cl)CN(C)CCCN4c2ccccc2CCc3ccccc34,Training,Toxic,1,,,,,
234,N.A.,O=NN(C(=O)NC1CCCCC1)CCCl,Training,Toxic,1,,,,,
235,N.A.,O=C1NCCCN1C(C(=O)NC(Cc2ccccc2)CC(O)C(NC(=O)COc3c(cccc3C)C)Cc4ccccc4)C(C)C,Training,Toxic,1,,,,,
236,N.A.,O=C(OC(C)C)C(C(=O)OC(C)C)=C1SC=CS1,Training,Toxic,1,,,,,
237,N.A.,O=C(O)CN(Cc1c(O)c(ncc1COP(=O)(O)O)C)CCN(CC(=O)O)Cc2c(O)c(ncc2COP(=O)(O)O)C,Training,Toxic,1,,,,,
238,N.A.,OCC(O)C(O)C(O)C(O)CO,Training,Toxic,1,,,,,
239,N.A.,O=C(OC)Nc1nc2ccc(cc2([nH]1))C(=O)c3ccccc3,Training,Toxic,1,,,,,
240,N.A.,O=C(OC3(C(=O)C)(CCC2C4C=C(C1=CC(=O)CCC1(C)C4(CCC23(C)))C))C,Training,Toxic,1,,,,,
241,N.A.,O=C2c1ccccc1S(=O)(=O)N(C2=C(O)Nc3ncc(C)s3)C,Training,Toxic,1,,,,,
242,N.A.,O=C(O)C(N)Cc1ccc(cc1)N(CCCl)CCCl,Training,Toxic,1,,,,,
243,N.A.,O=C1C=C(C(=O)c2ccccc12)C,Training,Toxic,1,,,,,
244,N.A.,O=C(OCC)C2(c1ccccc1)(CCN(C)CC2),Training,Toxic,1,,,,,
245,N.A.,O=C(CC)C(c1ccccc1)(c2ccccc2)CC(N(C)C)C,Training,Toxic,1,,,,,
246,N.A.,c1ccc(cc1)CC(NC)C,Training,Toxic,1,,,,,
247,N.A.,n1ccn(c1S)C,Training,Toxic,1,,,,,
248,N.A.,O=C1Oc2c(OC)c3occc3(cc2(C=C1)),Training,Toxic,1,,,,,
249,N.A.,FC(F)(OC)C(Cl)Cl,Training,Toxic,1,,,,,
250,N.A.,O=C(O)C(N)(C)Cc1ccc(O)c(O)c1,Training,Toxic,1,,,,,
251,N.A.,O=C(OC)C(c1ccccc1)C2NCCCC2,Training,Toxic,1,,,,,
252,N.A.,O=[N+]([O-])c1cnc(n1CCO)C,Training,Toxic,1,,,,,
253,N.A.,O=C(c1cnccc1)C(c2cnccc2)(C)C,Training,Toxic,1,,,,,
254,N.A.,c1ccc3c(c1)N4CCN(C)CC4(c2ccccc2C3),Training,Toxic,1,,,,,
255,N.A.,O=C(NC1C(=O)NC(C(=O)N4CC(O)CC4(C(=O)NC(C(=O)NC(C(=O)N2CC(C)C(O)C2(C(=O)NC(O)C(O)C1))C(O)CC(=O)N)C(O)C(O)c3ccc(O)c(OS(=O)(=O)O)c3))C(O)C)c5ccc(cc5)c6noc(c6)c7ccc(OCCCCC)cc7,Training,Toxic,1,,,,,
256,N.A.,O=P(O)(OCCCCCCCCCCCCCCCC)OCC[N+](C)(C)C,Training,Toxic,1,,,,,
257,N.A.,O=C(N)C=3C(=O)C4(O)(C(O)=C2C(=O)c1c(O)ccc(c1CC2CC4(C(C=3(O))N(C)C))N(C)C),Training,Toxic,1,,,,,
258,N.A.,O=C7c3c(O)c8c(O)c(c(OC2OC(C)C(O)C(OC1OC(C)C(O)C(O)C1)C2)cc8(cc3CC(C7(OC6OC(C)C(O)C(OC5OC(C)C(O)C(OC4OC(C)C(O)C(O)(C)C4)C5)C6))C(OC)C(=O)C(O)C(O)C))C,Training,Toxic,1,,,,,
259,N.A.,O=C(OCC4C=1C(=O)C(N)=C(C(=O)C=1N3CC2NC2C34(OC))C)N,Training,Toxic,1,,,,,
260,N.A.,O=C1C=CN=C(N1)N(C)C5CCN(c3nc2ccccc2n3Cc4ccc(F)cc4)CC5,Training,Toxic,1,,,,,
261,N.A.,O=C(N)CS(=O)C(c1ccccc1)c2ccccc2,Training,Toxic,1,,,,,
262,N.A.,O=C(OCC)Nc1on[n+](c1)N2CCOCC2,Training,Toxic,1,,,,,
263,N.A.,O=C(O)CC1(CC1)CSC(c4cccc(C=Cc2nc3cc(ccc3(cc2))Cl)c4)CCc5ccccc5C(O)(C)C,Training,Toxic,1,,,,,
264,N.A.,Oc5ccc4c1c5(OC2C(O)C=CC3C(N(C)CCC123)C4),Training,Toxic,1,,,,,
265,N.A.,O=C(O)C3=C(COC2N3(C(=O)C2(OC)(NC(=O)C(C(=O)O)c1ccc(O)cc1)))CSc4nnnn4C,Training,Toxic,1,,,,,
266,N.A.,O=C(O)C1=CN(c2c(OC)c(c(F)cc2(C1(=O)))N3CC4NCCCC4(C3))C5CC5,Training,Toxic,1,,,,,
267,N.A.,O=C(Oc1cc(c(OCCN(C)C)cc1C)C(C)C)C,Training,Toxic,1,,,,,
268,N.A.,O=C(O)CCC(=CCc2c(O)c1C(=O)OCc1c(c2(OC))C)C,Training,Toxic,1,,,,,
269,N.A.,O=C(NC(=O)C(NC(=O)C(NC(=O)C(NC(=O)C(NC(=O)C1NC(=O)CC1)CC2N=CN=C2)Cc4c[nH]c3ccccc34)CO)Cc5ccc(O)cc5)CNC(=O)C8N(C(=O)C(NC(=O)C(NC(=O)C(N)Cc6ccc7ccccc7(c6))CC(C)C)CCCNC(=N)N)CCC8,Training,Toxic,1,,,,,
270,N.A.,O=C(O)C1=CN(c2nc(ccc2(C1(=O)))C)CC,Training,Toxic,1,,,,,
271,N.A.,O=C(NC(CSc1ccccc1)C(O)CN2CC3CCCCC3(CC2(C(=O)NC(C)(C)C)))c4cccc(O)c4C,Training,Toxic,1,,,,,
272,N.A.,O=C(N)c1cnccc1,Training,Toxic,1,,,,,
273,N.A.,O=C1N(C(=O)CN1CCc2oc(cc2)[N+](=O)[O-])CO,Training,Toxic,1,,,,,
274,N.A.,O=[N+]([O-])c2ccc(NS(=O)(=O)C)c(Oc1ccccc1)c2,Training,Toxic,1,,,,,
275,N.A.,O=C(OC)C2=C(NC(=C(C(=O)OCC)C2(c1cccc(c1)[N+](=O)[O-]))C)C,Training,Toxic,1,,,,,
276,N.A.,OCC(O)C(O)C(O)C(O)CNC,Training,Toxic,1,,,,,
277,N.A.,Oc1ccc(cc1(O))C(O)CN,Training,Toxic,1,,,,,
278,N.A.,O=C4C=C3CCC2C(CCC1(C)(C2(CCC1(O)(C#C))))C3CC4,Training,Toxic,1,,,,,
279,N.A.,c1ccc3c(c1)C(=CCCNC)c2ccccc2CC3,Training,Toxic,1,,,,,
280,N.A.,O=C(NC1C(=O)NC(C(=O)NC(C(=O)NC(C(=O)NC(C(=O)NC(C(=O)NC(CO)C(O)C)CSSC1)C(O)C)CCCCN)Cc3c[nH]c2ccccc23)Cc4ccccc4)C(N)Cc5ccccc5,Training,Toxic,1,,,,,
281,N.A.,O=CNC(C(=O)OC(CCCCCCCCCCC)CC1OC(=O)C1(CCCCCC))CC(C)C,Training,Toxic,1,,,,,
282,N.A.,O=C(NCc1ccccc1)CC=3c4cc(F)ccc4(C(=Cc2ccncc2)C=3C),Training,Toxic,1,,,,,
283,N.A.,O=C(O)C4N3C(=O)C(NC(=O)c1c(noc1C)c2ccccc2)C3SC4(C)(C),Training,Toxic,1,,,,,
284,N.A.,O=C1Nc3ccc(cc3(C(=NC1(O))c2ccccc2))Cl,Training,Toxic,1,,,,,
285,N.A.,O=C(N)N2c3ccccc3(C(=O)Cc1ccccc12),Training,Toxic,1,,,,,
286,N.A.,O=C1C(=CO)CC4(C)(C(C1)CCC3C4(CCC2(C)(C3(CCC2(O)(C))))),Training,Toxic,1,,,,,
287,N.A.,O=C1CCC5(O)(C4N(C)CCC25(c3c(OC12)c(O)ccc3C4)),Training,Toxic,1,,,,,
288,N.A.,O=S(c1nc2ccc(OC(F)F)cc2([nH]1))CC3NCCC(OC)C3(OC),Training,Toxic,1,,,,,
289,N.A.,O=C(O)c1ccc(N)cc1(O),Training,Toxic,1,,,,,
290,N.A.,O=C(O)C(N)C(C)(C)S,Training,Toxic,1,,,,,
291,N.A.,O=C(O)C3N2C(=O)C(NC(=O)Cc1ccccc1)C2SC3(C)(C),Training,Toxic,1,,,,,
292,N.A.,O=C1NC(=O)C(C(=O)N1)(CC)C(C)CCC,Training,Toxic,1,,,,,
293,N.A.,c1ccc3c(c1)N(c2ccccc2S3)CCCN4CCN(C)CC4,Training,Toxic,1,,,,,
294,N.A.,FC(F)(F)C(F)(F)C(F)(F)C(F)(F)C(F)(F)C(F)(F)C(F)(F)C(F)(F)Br,Training,Toxic,1,,,,,
295,N.A.,O=C(O)C1N(C(=O)C(NC(C(=O)OCC)CCC)C)C2CCCCC2(C1),Training,Toxic,1,,,,,
296,N.A.,O=C2NC(=O)C(c1ccccc1)(C(=O)N2)CC,Training,Toxic,1,,,,,
297,N.A.,Oc1ccccc1,Training,Toxic,1,,,,,
298,N.A.,O=C1c3ccccc3(OC(O)=C1C(c2ccccc2)CC),Training,Toxic,1,,,,,
299,N.A.,O=C3N(c1ccccc1)N(c2ccccc2)C(=O)C3CCCC,Training,Toxic,1,,,,,
300,N.A.,OC(c1ccccc1)CNc2ncccc2,Training,Toxic,1,,,,,
301,N.A.,O=C1NC(=O)C(N1)(c2ccccc2)c3ccccc3,Training,Toxic,1,,,,,
302,N.A.,O=S(=O)(O)Oc1ccc(cc1)C(c2ncccc2)c3ccc(OS(=O)(=O)O)cc3,Training,Toxic,1,,,,,
303,N.A.,N#CN=C(NC1CCNCC1)NC(C)C(C)(C)C,Training,Toxic,1,,,,,
304,N.A.,n1cc(c(c2c1NC(N)NC2(N))C)Cc3cc(OC)ccc3(OC),Training,Toxic,1,,,,,
305,N.A.,O=C(O)C(c1ccc(c(c1)Cl)N2CC=CC2)C,Training,Toxic,1,,,,,
306,N.A.,O=C(O)CC(O)CC(O)C=Cc3c(nc1ccccc1c3(c2ccc(F)cc2))C4CC4,Training,Toxic,1,,,,,
307,N.A.,c1ccc3c(c1)C(c2ccsc2CC3)=C4CCN(C)CC4,Training,Toxic,1,,,,,
308,N.A.,O=C(NC(C(=O)NC(C(=O)NC(C(=O)NC1C(=O)NC(C(=O)NC(C(=O)NC(C(=O)NC(C(=O)NC(C(=O)NC(C(=O)NCC1)C(O)C)CCN)CCN)CC(C)C)Cc2ccccc2)CCN)CCN)C(O)C)CCN)CCCCC(C)CC,Training,Toxic,1,,,,,
309,N.A.,O=C2CCC3C4CC=C1CC(O)CCC1(C)C4(CCC23(C)),Training,Toxic,1,,,,,
310,N.A.,O=C(c1occc1)N4CCN(c2nc(N)c3cc(OC)c(OC)cc3(n2))CC4,Training,Toxic,1,,,,,
311,N.A.,O=C1C=CC3(C(=C1)CCC2C4CCC(O)(C(=O)CO)C4(C)(CC(O)C23))(C),Training,Toxic,1,,,,,
312,N.A.,n1cccc2cc(OC)cc(NC(C)CCCN)c12,Training,Toxic,1,,,,,
313,N.A.,O=C2NCNC(=O)C2(c1ccccc1)CC,Training,Toxic,1,,,,,
314,N.A.,O=C(O)c1ccc(cc1)S(=O)(=O)N(CCC)CCC,Training,Toxic,1,,,,,
315,N.A.,Oc1c(cc(cc1C(C)(C)C)SC(C)(C)Sc2cc(c(O)c(c2)C(C)(C)C)C(C)(C)C)C(C)(C)C,Training,Toxic,1,,,,,
316,N.A.,O=C4C=C3CCC1C(CCC2(C)(C(C(=O)C)CCC12))C3(C)CC4,Training,Toxic,1,,,,,
317,N.A.,O=C(OC(c1ccccc1)(Cc2ccccc2)C(C)CN(C)C)CC,Training,Toxic,1,,,,,
318,N.A.,OC(COc1cccc2ccccc12)CNC(C)C,Training,Toxic,1,,,,,
319,N.A.,O=C1C=C(NC(N1)=S)CCC,Training,Toxic,1,,,,,
320,N.A.,O=C(O)CCCC=CCC1C(O)CC(O)C1(C=CC(O)CCCCC),Training,Toxic,1,,,,,
321,N.A.,n1ccc(cc1CCC)C(N)=S,Training,Toxic,1,,,,,
322,N.A.,O=C(N)c1nccnc1,Training,Toxic,1,,,,,
323,N.A.,O=C(OCc1nc(ccc1)COC(=O)NC)NC,Training,Toxic,1,,,,,
324,N.A.,O(c2ccc3Nc1cc(ccc1C(NC(C)CCCN(CC)CC)c3(c2))Cl)C,Training,Toxic,1,,,,,
325,N.A.,OC(c2ccnc1ccc(OC)cc12)C3N4CCC(C3)C(C=C)C4,Training,Toxic,1,,,,,
326,N.A.,O=C1N=C(Nc2ccc(cc12)CN(c3ccc(C(=O)NC(C(=O)O)CCC(=O)O)s3)C)C,Training,Toxic,1,,,,,
327,N.A.,O=C1OC(CC(=O)C(C=C(C)C(O)C(OC)C(=O)C(C)CC(C=CC=CC=C(C)C(OC)CC3OC(O)(C(=O)C(=O)N2CCCCC12)C(C)CC3)C)C)C(C)CC4CCC(O)C(OC)C4,Training,Toxic,1,,,,,
328,N.A.,O=C1N=C4C(O)=C5C(O)=C(C=2OC(OC=CC(OC)C(C)C(OC(=O)C)C(C)C(O)C(C)C(O)C(C=CC=C1C)C)(C(=O)C=2C5(=C(O)C4(=CNN3CCN(C)CC3)))C)C,Training,Toxic,1,,,,,
329,N.A.,O=C(OC2C(C)C(OC)C=COC1(Oc3c(C1(=O))c4c(O)cc(NC(=O)C(=CC=CC(C)C(O)C(C)C(O)C2(C))C)c(O)c4(c(O)c3C))C)C,Training,Toxic,1,,,,,
330,N.A.,O=C2OCC(c1ccc(cc1)S(=O)(=O)C)=C2c3ccccc3,Training,Toxic,1,,,,,
331,N.A.,O=C1NC(=O)SC1Cc3ccc(OCCN(c2ncccc2)C)cc3,Training,Toxic,1,,,,,
332,N.A.,O=C2C5=C(C=C3c1nc4cccc(c4(cc1CN23))[N+](=O)[O-])C(O)(C(=O)OC5)CC,Training,Toxic,1,,,,,
333,N.A.,O=C(N)c1ccccc1(O),Training,Toxic,1,,,,,
334,N.A.,O=C3Nc1ccccc1C3(=Cc2[nH]c(cc2C)C),Training,Toxic,1,,,,,
335,N.A.,OC3C(=C)C(=CC=C1CCCC2(C)(C1CCC2(C(C=CC=CC(O)(CC)CC)C)))CC(O)C3,Training,Toxic,1,,,,,
336,N.A.,O=C1NC(=Nc2c(nn(c12)C)CCC)c3cc(ccc3(OCC))S(=O)(=O)N4CCN(C)CC4,Training,Toxic,1,,,,,
337,N.A.,O=C4c5c(O)cc(O)cc5(OC(c1ccc2OC(CO)C(Oc2(c1))c3ccc(O)c(OC)c3)C4(O)),Training,Toxic,1,,,,,
338,N.A.,O=C(c1c(ccs1)S(=O)(=O)Nc2onc(c2Cl)C)Cc3cc4OCOc4(cc3C),Training,Toxic,1,,,,,
339,N.A.,O=C(O)CCCc1ccccc1,Training,Toxic,1,,,,,
340,N.A.,O=C(CO)C(O)C(O)C(O)CO,Training,Toxic,1,,,,,
341,N.A.,O=C1c4ccccc4(c2n[nH]c3cccc1c23),Training,Toxic,1,,,,,
342,N.A.,O=CCC4CC(C)C(OC1OC(C)C(N(C)C)CC1)CCCCCC(OC(=O)CC(OC(=O)C)C(OC)C4(OC3OC(C)C(OC2OC(O)C(O)C(O)(C)C2)C(N(C)C)C3(O)))C,Training,Toxic,1,,,,,
343,N.A.,O=C1OC3(CC1)(CCC2C5C(CCC23(C))C4(C(=CC(=O)CC4)CC5SC(=O)C)(C)),Training,Toxic,1,,,,,
344,N.A.,O=CC3(O)(C(OC(OC1C(O)C(O)C(NC(=N)N)C(O)C1(NC(=N)N))C3(OC2OC(CO)C(O)C(O)C2(NC)))C),Training,Toxic,1,,,,,
345,N.A.,O=C(O)CCc3c([nH]c(C=C2C(=O)Nc1ccccc12)c3C)C,Training,Toxic,1,,,,,
346,N.A.,O=C(NO)CCCCCCC(=O)Nc1ccccc1,Training,Toxic,1,,,,,
347,N.A.,O=C(O)C2N1C(=O)CC1S(=O)(=O)C2(C)(C),Training,Toxic,1,,,,,
348,N.A.,O=S(=O)(Nc1nc(nc(OC)c1)OC)c2ccc(N)cc2,Training,Toxic,1,,,,,
349,N.A.,O=S(=O)(Nc1ncc(OC)cn1)c2ccc(N)cc2,Training,Toxic,1,,,,,
350,N.A.,O=S(=O)(Nc1nc(cc(n1)C)C)c2ccc(N)cc2,Training,Toxic,1,,,,,
351,N.A.,O=S(=O)(Nc1nnc(C)s1)c2ccc(N)cc2,Training,Toxic,1,,,,,
352,N.A.,O=S(=O)(N)c1ccc(N)cc1,Training,Toxic,1,,,,,
353,N.A.,O=S(=O)(Nc2ccnn2(c1ccccc1))c3ccc(N)cc3,Training,Toxic,1,,,,,
354,N.A.,O=C(O)c3cc(N=Nc1ccc(cc1)S(=O)(=O)Nc2ncccc2)ccc3(O),Training,Toxic,1,,,,,
355,N.A.,O=C3N(c1ccccc1)N(c2ccccc2)C(=O)C3CCS(=O)c4ccccc4,Training,Toxic,1,,,,,
356,N.A.,OC(c1ccc(cc1)SC(C)C)C(NCCCCCCCC)C,Training,Toxic,1,,,,,
357,N.A.,O=C(NCC1N(CC)CCC1)c2cc(ccc2(OC))S(=O)(=O)N,Training,Toxic,1,,,,,
358,N.A.,O=C(Nc1cccc(c1)C(=O)Nc2cc(ccc2C)C(=O)Nc3ccc(c4cc(cc(c34)S(=O)(=O)O)S(=O)(=O)O)S(=O)(=O)O)Nc5cccc(c5)C(=O)Nc6cc(ccc6C)C(=O)Nc7ccc(c8cc(cc(c78)S(=O)(=O)O)S(=O)(=O)O)S(=O)(=O)O,Training,Toxic,1,,,,,
359,N.A.,O(c1ccc(cc1)C(c2ccccc2)=C(c3ccccc3)CC)CCN(C)C,Training,Toxic,1,,,,,
360,N.A.,O=C2OC5(C)(C(OC(=O)C(C(=O)C(C)C(OC1OC(C)CC(N(C)C)C1(O))C(OC)(C)CC(C(=O)C(C)C5(N2CCCCn3cnc(c3)c4cnccc4))C)C)CC),Training,Toxic,1,,,,,
361,N.A.,O=C(O)c6ccccc6(c1ccc(cc1)CN2c3cc(cc(c3(NC2CCC))C)c5nc4ccccc4n5C),Training,Toxic,1,,,,,
362,N.A.,O=C(N)c1ncn2C(=O)N(N=Nc12)C,Training,Toxic,1,,,,,
363,N.A.,O=P(O)(O)COC(C)Cn2cnc1c(ncnc12)N,Training,Toxic,1,,,,,
364,N.A.,O=C(N)CNC(=O)C(NC(=O)C4N(C(=O)C1NC(=O)C(NC(=O)C(NC(=O)C(NC(=O)C(NC(=O)C(NC(=O)CNC(=O)CNC(=O)CN)CSSC1)Cc2ccc(O)cc2)Cc3ccccc3)CCC(=O)N)CC(=O)N)CCC4)CCCCN,Training,Toxic,1,,,,,
365,N.A.,O=C2CC3c1cc(OC)c(OC)cc1CCN3(CC2CC(C)C),Training,Toxic,1,,,,,
366,N.A.,C(=C(Cl)Cl)(Cl)Cl,Training,Toxic,1,,,,,
367,N.A.,O=C(N)C=3C(=O)C4(O)(C(O)=C2C(=O)c1c(O)cccc1C(O)(C)C2CC4(C(C=3(O))N(C)C)),Training,Toxic,1,,,,,
368,N.A.,O=C3NC(=O)C(N2C(=O)c1ccccc1C2(=O))CC3,Training,Toxic,1,,,,,
369,N.A.,n1cscc1c2nc3ccccc3([nH]2),Training,Toxic,1,,,,,
370,N.A.,OCCc1c([n+](cs1)Cc2cnc(nc2(N))C)C,Training,Toxic,1,,,,,
371,N.A.,O=C(NC(CO)C(O)c1ccc(cc1)S(=O)(=O)C)C(Cl)Cl,Training,Toxic,1,,,,,
372,N.A.,c1ccc3c(c1)N(c2cc(ccc2S3)SC)CCC4N(C)CCCC4,Training,Toxic,1,,,,,
373,N.A.,O=C(O)C(N)Cc2cc(c(Oc1cc(c(O)c(c1)I)I)c(c2)I)I,Training,Toxic,1,,,,,
374,N.A.,O=C(O)COc2ccc(C(=O)c1cccs1)c(c2Cl)Cl,Training,Toxic,1,,,,,
375,N.A.,O=C(NN1CCCCCC1)NS(=O)(=O)c2ccc(cc2)C,Training,Toxic,1,,,,,
376,N.A.,O=C(c1ccc(cc1)C)c2cc(O)c(O)c(c2)[N+](=O)[O-],Training,Toxic,1,,,,,
377,N.A.,O=C(c1ccc(cc1)C)C(C)CN2CCCCC2,Training,Toxic,1,,,,,
378,N.A.,Oc1ccc(cc1C(c2ccccc2)CCN(C(C)C)C(C)C)C,Training,Toxic,1,,,,,
379,N.A.,O(c1ccc(cc1)C(c2ccccc2)=C(c3ccccc3)CCCl)CCN(C)C,Training,Toxic,1,,,,,
380,N.A.,NC2CC2(c1ccccc1),Training,Toxic,1,,,,,
381,N.A.,C(=C(Cl)Cl)Cl,Training,Toxic,1,,,,,
382,N.A.,O=C(O)C(N)Cc2cc(c(Oc1ccc(O)c(c1)I)c(c2)I)I,Training,Toxic,1,,,,,
383,N.A.,O(c1ccc(c(OC)c1(OC))CN2CCNCC2)C,Training,Toxic,1,,,,,
384,N.A.,O=C1NC(=O)SC1Cc4ccc(OCC3(Oc2c(c(c(O)c(c2CC3)C)C)C)(C))cc4,Training,Toxic,1,,,,,
385,N.A.,O=C(OC4C(OC(OC3C(C(=O)OC(C)C(C)C(OC(=O)C)C(C(=O)C1(OC1)CC(C)C(OC2OC(C)CC(N(C)C)C2(OC(=O)C))C3(C))C)C)CC4(OC))C)C,Training,Toxic,1,,,,,
386,N.A.,O=C1C=CNC(=O)N1,Training,Toxic,1,,,,,
387,N.A.,O=C1C=CN(C(=O)N1)C2OC(CO)C(O)C2(O),Training,Toxic,1,,,,,
388,N.A.,O=C(O)C%10NC(=O)C2NC(=O)C(NC(=O)C6NC(=O)C(NC(=O)C(NC(=O)C(NC)CC(C)C)C(O)c7ccc(Oc5cc6(cc(Oc1ccc(cc1Cl)C2(O))c5(OC4OC(CO)C(O)C(O)C4(OC3OC(C)C(O)C(N)(C)C3))))c(c7)Cl)CC(=O)N)c8ccc(O)c(c8)c9c(O)cc(O)cc9%10,Training,Toxic,1,,,,,
389,N.A.,Fc4cc(ccc4(Nc3ncnc2cc(OCC1CCN(C)CC1)c(OC)cc23))Br,Training,Toxic,1,,,,,
390,N.A.,O=C2Nc1ccc(cc1CC2)N4CCN(C(=O)c3ccc(OC)c(OC)c3)CC4,Training,Toxic,1,,,,,
391,N.A.,OCC3OC(n2cnc1c(ncnc12)N)C(O)C3(O),Training,Toxic,1,,,,,
392,N.A.,O=CN2c1cc(OC)c(cc1C35(CCN4CC=CC(CC)(C(OC(=O)C)C(O)(C(=O)OC)C23)C45))C9(C(=O)OC)(c7[nH]c6ccccc6c7CCN8CC(CC(O)(C8)CC)C9),Training,Toxic,1,,,,,
393,N.A.,OCC=C(C=CC=C(C=CC1=C(C)CCCC1(C)C)C)C,Training,Toxic,1,,,,,
394,N.A.,O=C(N)CCC8C1=NC(=C(C7=NC(C6=NC(=C(C2=NC(=C1)C(C)(C)C2CCC(=O)N)C)C(C)(CCC(=O)NCC(OP(=O)(O)OC3C(O)C(OC3(CO))n5cnc4cc(c(cc45)C)C)C)C6CC(=O)N)(C)C(C)(CC(=O)N)C7CCC(=O)N)C)C8(C)(CC(=O)N),Training,Toxic,1,,,,,
395,N.A.,Oc2c(c(c1OC(C)(CCc1c2C)CCCC(C)CCCC(C)CCCC(C)C)C)C,Training,Toxic,1,,,,,
396,N.A.,OCC(NC1CC(O)(CO)C(O)C(O)C1(O))CO,Training,Toxic,1,,,,,
397,N.A.,Fc1ccc(c(F)c1)C(O)(Cn2ncnc2)C(c3ncncc3(F))C,Training,Toxic,1,,,,,
398,N.A.,O=C(NC(C(=O)NC(C(=O)N2CC3CCCC3(C2(C(=O)NC(C(=O)C(=O)NC1CC1)CCC)))C(C)(C)C)C4CCCCC4)c5nccnc5,Training,Toxic,1,,,,,
399,N.A.,O=C1c3ccccc3(OC(O)=C1C(c2ccccc2)CC(=O)C),Training,Toxic,1,,,,,
400,N.A.,O=C(N(C)C)Cc2c(nc1ccc(cn12)C)c3ccc(cc3)C,Training,Toxic,1,,,,,
401,N.A.,O=C(O)C3=CCSC2N3(C(=O)C2(NC(=O)C(=NOC)C1=CSC(=N)N1)),Training,Toxic,1,,,,,
402,N.A.,O=C(OC1C(OC(C)CC1(N(C)C))OC3C(C)C(OC2OC(C)C(O)C(OC)(C)C2)C(C(=O)OC(CC)C(O)(C)C(O)C(C(=O)C(C)CC3(O)(C))C)C)C,Training,Toxic,1,,,,,
403,N.A.,O=P(O)(O)OCC3OC(n2cnc1c(nc(F)nc12)N)C(O)C3(O),Training,Toxic,1,,,,,
404,N.A.,FC(F)(F)c2nc1c(cccc1C(F)(F)F)c(c2)C(O)C3NCCCC3,Training,Toxic,1,,,,,
405,N.A.,n1cnc(c2[nH]cnc12)S,Training,Toxic,1,,,,,
406,N.A.,O=P(O)(O)C(O)(CCN)P(=O)(O)O,Training,Toxic,1,,,,,
407,N.A.,O=C(c1ccccc1(OCC(O)CNCCC))CCc2ccccc2,Training,Toxic,1,,,,,
408,N.A.,O=C(NO)C,Training,NON-Toxic,0,,,,,
409,N.A.,OC(O)c1ccc2cc(ccc2(c1))c3ccc(OC)c(c3)C56(CC4CC(CC(C4)C5)C6),Training,NON-Toxic,0,,,,,
410,N.A.,Oc1ccc(cc1CO)C(O)CNC(C)(C)C,Training,NON-Toxic,0,,,,,
411,N.A.,O=C1C=CC3(C(=C1)CC(C2C4CC(C)C(O)(C(=O)CO)C4(C)(CC(O)C23))Cl)(C),Training,NON-Toxic,0,,,,,
412,N.A.,O=P(O)(O)C(O)(CCCN)P(=O)(O)O,Training,NON-Toxic,0,,,,,
413,N.A.,O=C1N(N=NN1CCN3CCC(N(C(=O)CC)c2ccccc2)(COC)CC3)CC,Training,NON-Toxic,0,,,,,
414,N.A.,n4nc1n(c3ccc(cc3(C(=NC1)c2ccccc2))Cl)c4C,Training,NON-Toxic,0,,,,,
415,N.A.,n1c(nc(nc1N(C)C)N(C)C)N(C)C,Training,NON-Toxic,0,,,,,
416,N.A.,O=P(O)(O)SCCNCCCN,Training,NON-Toxic,0,,,,,
417,N.A.,O=C2NC(=O)C(c1ccc(N)cc1)(CC)CC2,Training,NON-Toxic,0,,,,,
418,N.A.,O=C(O)c1cc2C(=O)c3cc(ccc3(Oc2(nc1(N))))C(C)C,Training,NON-Toxic,0,,,,,
419,N.A.,O=C(OC)C2=C(NC(=C(C(=O)OCC)C2(c1ccccc1Cl))COCCN)C,Training,NON-Toxic,0,,,,,
420,N.A.,O=C1NC=C(C=C1(N))c2ccncc2,Training,NON-Toxic,0,,,,,
421,N.A.,N(=C1NCCN1)c2c(cc(N)cc2Cl)Cl,Training,NON-Toxic,0,,,,,
422,N.A.,Fc1ccc(cc1)Cn3c(nc2ccccc23)NC5CCN(CCc4ccc(OC)cc4)CC5,Training,NON-Toxic,0,,,,,
423,N.A.,O=C1C(O)=C(C(=O)c2ccccc12)C4CCC(c3ccc(cc3)Cl)CC4,Training,NON-Toxic,0,,,,,
424,N.A.,O=C(O)CCCCCCCC(=O)O,Training,NON-Toxic,0,,,,,
425,N.A.,O=C2c1ccccc1C(=NN2C3CCN(C)CCC3)Cc4ccc(cc4)Cl,Training,NON-Toxic,0,,,,,
426,N.A.,O=C(OCC)OC(OC(=O)C3N2C(=O)C(NC(=O)C(N)c1ccccc1)C2SC3(C)(C))C,Training,NON-Toxic,0,,,,,
427,N.A.,O=C1C=CC3(C(=C1)CCC2C4CC(C)C(O)(C(=O)CO)C4(C)(CC(O)C23Cl))(C),Training,NON-Toxic,0,,,,,
428,N.A.,O(CC(N1CCCC1)CN(c2ccccc2)Cc3ccccc3)CC(C)C,Training,NON-Toxic,0,,,,,
429,N.A.,OC(COc1ccc(cc1)CCOCC2CC2)CNC(C)C,Training,NON-Toxic,0,,,,,
430,N.A.,O=C(Oc2ccc(cc2(OC(=O)c1ccc(cc1)C))C(O)CNC(C)(C)C)c3ccc(cc3)C,Training,NON-Toxic,0,,,,,
431,N.A.,c1ccc(c(c1)C[N+](C)(C)CC)Br,Training,NON-Toxic,0,,,,,
432,N.A.,n1ccnc3c1ccc(NC2=NCCN2)c3Br,Training,NON-Toxic,0,,,,,
433,N.A.,O=C(NC1(OC3(O)(N(C1(=O))C(C(=O)N2CCCC23)CC(C)C))C(C)C)C7C=C6c5cccc4[nH]c(c(c45)CC6N(C)C7)Br,Training,NON-Toxic,0,,,,,
434,N.A.,O=C(O)c2cc(NCCCC)c(Oc1ccccc1)c(c2)S(=O)(=O)N,Training,NON-Toxic,0,,,,,
435,N.A.,c1ccc2c(c1)cccc2CN(C)Cc3ccc(cc3)C(C)(C)C,Training,NON-Toxic,0,,,,,
436,N.A.,Oc1ccc3c(c1)C45(CCN(CC2CCC2)C(C3)C5(O)(CCCC4)),Training,NON-Toxic,0,,,,,
437,N.A.,O=C(NCC)N(C(=O)C3CN(CC=C)C4Cc2c[nH]c1cccc(c12)C4(C3))CCCN(C)C,Training,NON-Toxic,0,,,,,
438,N.A.,OC(C=CC(C)C3CCC2C(=CC=C1C(=C)C(O)CC(O)C1)CCCC23(C))C4CC4,Training,NON-Toxic,0,,,,,
439,N.A.,O=C2Nc1cccc(OCC(O)CNC(C)(C)C)c1CC2,Training,NON-Toxic,0,,,,,
440,N.A.,O=COC(C(=O)NC3C(=O)N2C(C(=O)O)=C(CSc1nnnn1C)CSC23)c4ccccc4,Training,NON-Toxic,0,,,,,
441,N.A.,O=C(O)C3=C(COC(=O)C)CSC2N3(C(=O)C2(NC(=O)CSc1ccncc1)),Training,NON-Toxic,0,,,,,
442,N.A.,O=C(O)C4=C(C[N+]1(C)(CCCC1))CSC3N4(C(=O)C3(NC(=O)C(=NOC)c2nc(N)sc2)),Training,NON-Toxic,0,,,,,
443,N.A.,N#CCSCC(=O)NC3(OC)(C(=O)N2C(C(=O)O)=C(CSc1nnnn1C)CSC23),Training,NON-Toxic,0,,,,,
444,N.A.,O=C(OCC3=C(C(=O)O)N2C(=O)C(OC)(NC(=O)Cc1cccs1)C2SC3)N,Training,NON-Toxic,0,,,,,
445,N.A.,O=C(OC(O)C)C3=C(COC)CSC2N3(C(=O)C2(NC(=O)C(=NOC)c1nc(N)sc1)),Training,NON-Toxic,0,,,,,
446,N.A.,O=C(OC(OC(=O)C3=C(COC)CSC2N3(C(=O)C2(NC(=O)C(=NOC)c1nc(N)sc1)))C)OC(C)C,Training,NON-Toxic,0,,,,,
447,N.A.,O=C(O)C4=C(C[n+]1ccccc1)CSC3N4(C(=O)C3(NC(=O)C(=NCC(C(=O)O)(C)C)c2nc(N)sc2)),Training,NON-Toxic,0,,,,,
448,N.A.,O=C(O)C3=C(COC(=O)N)CSC2N3(C(=O)C2(NC(=O)C(=NOC)c1occc1)),Training,NON-Toxic,0,,,,,
449,N.A.,O=C(OCC3=C(C(=O)OC(OC(=O)C)C)N2C(=O)C(NC(=O)C(=NOC)c1occc1)C2SC3)N,Training,NON-Toxic,0,,,,,
450,N.A.,O=C(OCC3=C(C(=O)OC(OC(=O)C(OC)(C)C)C)N2C(=O)C(NC(=O)C(=NOC)c1occc1)C2SC3)N,Training,NON-Toxic,0,,,,,
451,N.A.,O=C1C=C(C=C(N1(O))C2CCCCC2)C,Training,NON-Toxic,0,,,,,
452,N.A.,O=C1C=CC3(C(=C1)CCC2C4CC(C)C(O)(C(=O)CCl)C4(C)(CC(O)C23(F)))(C),Training,NON-Toxic,0,,,,,
453,N.A.,c1ccc3c(c1)N(c2cc(ccc2CC3)Cl)CCCN(C)C,Training,NON-Toxic,0,,,,,
454,N.A.,O=C(O)C3N2C(=O)C(NC(=O)C1(N)(CCCCC1))C2SC3(C)(C),Training,NON-Toxic,0,,,,,
455,N.A.,n1nc4n(c1CCN3CCN(c2ccccc2C)CC3)CCCC4,Training,NON-Toxic,0,,,,,
456,N.A.,Oc1ccc2c(c1)C3(C)(CCCCCC(C2)C3(N)),Training,NON-Toxic,0,,,,,
457,N.A.,O=C(Oc1ccc(cc1(OC(=O)C(C)(C)C))C(O)CNC)C(C)(C)C,Training,NON-Toxic,0,,,,,
458,N.A.,O=C3OC(CC)C(O)(C)C4OC(NC(C(C)CC(O)(C)C(OC1OC(C)CC(N(C)C)C1(O))C(C)C(OC2OC(C)C(O)C(OC)(C)C2)C3C)C4(C))COCCOC,Training,NON-Toxic,0,,,,,
459,N.A.,O=S(=O)(N)c1cc2c(s1)S(=O)(=O)C(C)CC2(NCC),Training,NON-Toxic,0,,,,,
460,N.A.,O=C(N3CCN(c1nc(N)c2cc(OC)c(OC)cc2(n1))CC3)C4Oc5ccccc5(OC4),Training,NON-Toxic,0,,,,,
461,N.A.,n1ccn(c1)CC(OCc2ccc(cc2)Cl)c3ccc(cc3Cl)Cl,Training,NON-Toxic,0,,,,,
462,N.A.,O=C(O)CCCC=C1OC2CC(O)C(C=CC(O)CCCCC)C2(C1),Training,NON-Toxic,0,,,,,
463,N.A.,O=C(OC)CCc1ccc(OCC(O)CNC(C)C)cc1,Training,NON-Toxic,0,,,,,
464,N.A.,O=C(Oc1ccc2c(c1)CCC3C2CCC4(C)(C(O)CCC34))c5ccccc5,Training,NON-Toxic,0,,,,,
465,N.A.,O=C(OC2CCC3C4CCc1cc(O)ccc1C4(CCC23(C)))CCC5CCCCC5,Training,NON-Toxic,0,,,,,
466,N.A.,O=C(Oc1ccc2c(c1)CCC3C2CCC4(C)(C(OC(=O)CC)CCC34))CC,Training,NON-Toxic,0,,,,,
467,N.A.,O=C(OC2CCC3C4CCc1cc(O)ccc1C4(CCC23(C)))CCCCCC,Training,NON-Toxic,0,,,,,
468,N.A.,O=C(OC2CCC3C4CCc1cc(O)ccc1C4(CCC23(C)))CCCCCCCCCC,Training,NON-Toxic,0,,,,,
469,N.A.,O=C(OC2CCC3C4CCc1cc(O)ccc1C4(CCC23(C)))CCC,Training,NON-Toxic,0,,,,,
470,N.A.,O=C(O)C(c1ccc(cc1)C(O)CCCN2CCC(CC2)C(O)(c3ccccc3)c4ccccc4)(C)C,Training,NON-Toxic,0,,,,,
471,N.A.,O=C1C=CC4(C)(C(N1)CCC2C4(CCC3(C)(C(C(=O)NC(C)(C)C)CCC23))),Training,NON-Toxic,0,,,,,
472,N.A.,O=C(O)C(c1ccc(c(F)c1)c2ccccc2)C,Training,NON-Toxic,0,,,,,
473,N.A.,O=C1C=CC3(C(=C1)C(F)CC2C4CC(C)C(OC(=O)CC)(C(=O)SCF)C4(C)(CC(O)C23(F)))(C),Training,NON-Toxic,0,,,,,
474,N.A.,O=C(NC(C(=O)NCOP(=O)(O)O)(c1ccccc1)c2ccccc2)C,Training,NON-Toxic,0,,,,,
475,N.A.,O=C(O)CC1(CN)(CCCCC1),Training,NON-Toxic,0,,,,,
476,N.A.,O=C(NC1CCC(C)CC1)NS(=O)(=O)c2ccc(cc2)CCNC(=O)N3C(=O)C(=C(C)C3)CC,Training,NON-Toxic,0,,,,,
477,N.A.,O=C(NC1CCCCC1)NS(=O)(=O)c2ccc(cc2)CCNC(=O)c3ncc(nc3)C,Training,NON-Toxic,0,,,,,
478,N.A.,O=C(NC2CC1N(C)C(CCC1)C2)c3nn(c4ccccc34)C,Training,NON-Toxic,0,,,,,
479,N.A.,N=C(N)NN=Cc1c(cccc1Cl)Cl,Training,NON-Toxic,0,,,,,
480,N.A.,O=C(NC(=N)N)Cc1c(cccc1Cl)Cl,Training,NON-Toxic,0,,,,,
481,N.A.,O=C1N(c3ccc(cc3(C(=NC1)c2ccccc2))Cl)CC(F)(F)F,Training,NON-Toxic,0,,,,,
482,N.A.,O=C1C=CC3(C(=C1)C(F)CC2C4CC(C)C(OC(=O)CC)(C(=O)CCl)C4(C)(CC(O)C23(F)))(C),Training,NON-Toxic,0,,,,,
483,N.A.,O=C1CCC5C4N(C)CC25(c3c(OC12)c(O)ccc3C4),Training,NON-Toxic,0,,,,,
484,N.A.,O=C1c5ccccc5(C(=O)c2c(O)c4c(c(O)c12)CC(O)(C(=O)C)CC4(OC3OC(C)C(O)C(N)C3)),Training,NON-Toxic,0,,,,,
485,N.A.,O=C(NN2c1ccccc1CC2C)c3ccc(c(c3)S(=O)(=O)N)Cl,Training,NON-Toxic,0,,,,,
486,N.A.,O=C(NCC(O)CO)c1c(c(C(=O)NCC(O)CO)c(c(c1I)N(C(=O)C)CC(O)CN(C(=O)C)c2c(c(C(=O)NCC(O)CO)c(c(C(=O)NCC(O)CO)c2I)I)I)I)I,Training,NON-Toxic,0,,,,,
487,N.A.,O=C(NCC(O)CO)c1c(c(C(=O)NCC(O)CO)c(c(c1I)N(C(=O)C)CC(O)CO)I)I,Training,NON-Toxic,0,,,,,
488,N.A.,O=C(NCC(O)CO)c1c(c(NC(=O)COC)c(c(C(=O)N(C)CC(O)CO)c1I)I)I,Training,NON-Toxic,0,,,,,
489,N.A.,O=C(NCC(O)CO)c1c(c(C(=O)NCC(O)CO)c(c(c1I)N(C(=O)CO)CCO)I)I,Training,NON-Toxic,0,,,,,
490,N.A.,O=C(OC1CC2CCC(C1)[N+]2(C)(C(C)C))C(c3ccccc3)CO,Training,NON-Toxic,0,,,,,
491,N.A.,O=C(c1ccccc1)c2ccc3n2CCC3(C(=O)O),Training,NON-Toxic,0,,,,,
492,N.A.,O=C2c1cccc(OCC(O)CNC(C)(C)C)c1CCC2,Training,NON-Toxic,0,,,,,
493,N.A.,N#CC4(c1ccc(F)cc1)(CCC(N3CCC(C(=O)O)(c2ccccc2)C(C)C3)CC4),Training,NON-Toxic,0,,,,,
494,N.A.,N#Cc1cc(NC(=O)C(=O)O)c(c(c1)NC(=O)C(=O)O)Cl,Training,NON-Toxic,0,,,,,
495,N.A.,O=C(O)C1=CN(c2c(F)c(c(F)cc2(C1(=O)))N3CCNC(C)C3)CC,Training,NON-Toxic,0,,,,,
496,N.A.,O=C(OCC)N4CCC(=C2c1ncccc1CCc3cc(ccc23)Cl)CC4,Training,NON-Toxic,0,,,,,
497,N.A.,c1ccc3c(c1)C4c2ccccc2C3(CCCNC)CC4,Training,NON-Toxic,0,,,,,
498,N.A.,O=C(N)C=2C(=O)C3(O)(C(O)=C1C(=O)c4c(O)ccc(c4(C(=C)C1C(O)C3(C(C=2(O))N(C)C)))Cl),Training,NON-Toxic,0,,,,,
499,N.A.,O=C(O)c2ccccc2(Nc1c(ccc(c1Cl)C)Cl),Training,NON-Toxic,0,,,,,
500,N.A.,O=C(Oc1c(cc(OCC(O)CNC(C)C)c(c1C)C)C)C,Training,NON-Toxic,0,,,,,
501,N.A.,O=C(O)C(N)(C)Cc1ccc(O)cc1,Training,NON-Toxic,0,,,,,
502,N.A.,O(c1c(cccc1C)C)CC(N)C,Training,NON-Toxic,0,,,,,
503,N.A.,O=C(O)C4N3C(=O)C(NC(=O)C(NC(=O)N1C(=O)N(CC1)S(=O)(=O)C)c2ccccc2)C3SC4(C)(C),Training,NON-Toxic,0,,,,,
504,N.A.,O=C(NCC(O)c1cc(OC)ccc1(OC))CN,Training,NON-Toxic,0,,,,,
505,N.A.,O=C(OC)CCCCCCC1C(=O)CC(O)C1(C=CCC(O)(C)CCCC),Training,NON-Toxic,0,,,,,
506,N.A.,O=C(OCCC[N+]3(C)(Cc1cc(OC)c(OC)cc1C(Cc2cc(OC)c(OC)c(OC)c2)C3))CCC=CCCC(=O)OCCC[N+]6(C)(CCc4cc(OC)c(OC)cc4C6(Cc5cc(OC)c(OC)c(OC)c5)),Training,NON-Toxic,0,,,,,
507,N.A.,O=C(O)C3N(C(=O)C(NC(C(=O)OCC)CCc1ccccc1)C)Cc2cc(OC)c(OC)cc2C3,Training,NON-Toxic,0,,,,,
508,N.A.,O=C(OCC)Nc1ccc4c(c1)N(C(=O)CCN2CCOCC2)c3ccccc3S4,Training,NON-Toxic,0,,,,,
509,N.A.,O=C(OCCCCCCCCC(=O)O)C=C(C)CC2OCC(CC1OC1C(C)C(O)C)C(O)C2(O),Training,NON-Toxic,0,,,,,
510,N.A.,O=C3CCC1C(c2c(O)cc(cc2(OC1(C)(C)))C(C)(C)CCCCCC)C3,Training,NON-Toxic,0,,,,,
511,N.A.,O=C(C)CCc1ccc2cc(OC)ccc2(c1),Training,NON-Toxic,0,,,,,
512,N.A.,Oc5ccc2c3c5(OC4C(O)CCC(O)(C(N(CC)CC1CCC1)C2)C34(C)),Training,NON-Toxic,0,,,,,
513,N.A.,Oc5ccc2c3c5(OC4C(=C)CCC(O)(C(N(CC)CC1CC1)C2)C34(C)),Training,NON-Toxic,0,,,,,
514,N.A.,O=C(O)C=3Oc2c(cc1C(=O)C=C(C(=O)O)N(c1c2CCC)CC)C(=O)C=3,Training,NON-Toxic,0,,,,,
515,N.A.,O=C(OC)C3=C(NC(=C(C(=O)OCCN(C)Cc1ccccc1)C3(c2cccc(c2)[N+](=O)[O-]))C)C,Training,NON-Toxic,0,,,,,
516,N.A.,O=C(O)C2=CN1c3c(OCC1C)c(c(F)cc3(C2(=O)))N4CCN(C)CC4,Training,NON-Toxic,0,,,,,
517,N.A.,O=C(O)Cc1ccc2OCc3ccccc3(C(=CCCN(C)C)c2(c1)),Training,NON-Toxic,0,,,,,
518,N.A.,O=C(O)c2cc(N=Nc1ccc(O)c(c1)C(=O)O)ccc2(O),Training,NON-Toxic,0,,,,,
519,N.A.,N(OCc1ccc(cc1Cl)Cl)=C(c2ccc(cc2Cl)Cl)Cn3cncc3,Training,NON-Toxic,0,,,,,
520,N.A.,OC(COc1ccccc1C2CCCC2)CNC(C)(C)C,Training,NON-Toxic,0,,,,,
521,N.A.,N=C(N)c2ccc(OCCCCCOc1ccc(cc1)C(=N)N)cc2,Training,NON-Toxic,0,,,,,
522,N.A.,OCC3OC(n2cnc1c2(N=CNCC1(O)))CC3(O),Training,NON-Toxic,0,,,,,
523,N.A.,c2cc1[nH]cc3c1c(c2)C4CC(CN(CCC)C4(C3))CSC,Training,NON-Toxic,0,,,,,
524,N.A.,O=C2OCC(Cc1cncn1C)C2CC,Training,NON-Toxic,0,,,,,
525,N.A.,OC(COc1cccc2[nH]ccc12)CNC(C)C,Training,NON-Toxic,0,,,,,
526,N.A.,O=C(OC5CC6CCC2C(CCC3(C)(C(OC(=O)C)C(N1CC[N+](C)(C)CC1)CC23))C6(C)(CC5(N4CC[N+](C)(C)CC4)))C,Training,NON-Toxic,0,,,,,
527,N.A.,O=C(O)C4N3C(=O)C(NC(=O)C(NC(=O)N1C(=O)C(=O)N(CC)CC1)c2ccccc2)C3SC4(C)(C),Training,NON-Toxic,0,,,,,
528,N.A.,O=C3OCC4C(O)c1cc5OCOc5(cc1C(c2cc(OC)c(OC)c(OC)c2)C34),Training,NON-Toxic,0,,,,,
529,N.A.,O=C1N(c3ccc(cc3(C(=NC1)c2ccccc2))Cl)CC4CC4,Training,NON-Toxic,0,,,,,
530,N.A.,O=C4N2CCc1ccccc1C2CN(C(=O)C3CCCCC3)C4,Training,NON-Toxic,0,,,,,
531,N.A.,Fc1ccccc1C2=NCC(N(c3ccc(cc23)Cl)CC(F)(F)F)=S,Training,NON-Toxic,0,,,,,
532,N.A.,NC(C)C23(CC1CC(CC(C1)C2)C3),Training,NON-Toxic,0,,,,,
533,N.A.,O=C1C=CC3(C(=C1)CCC2C4CC(C)C(C(=O)CC)(C)C4(C)(CC(O)C23))(C),Training,NON-Toxic,0,,,,,
534,N.A.,O=C(OC3C(CC4C5CCC2CC(O)C(N1CCOCC1)CC2(C)C5(CCC34(C)))[N+]6(CC=C)(CCCC6))C,Training,NON-Toxic,0,,,,,
535,N.A.,O=C(Nc1c(cccc1C)C)C2N(CCC)CCCC2,Training,NON-Toxic,0,,,,,
536,N.A.,O=S(=O)(Nc1ccc(cc1)C(O)CNC(C)C)C,Training,NON-Toxic,0,,,,,
537,N.A.,O=C(N(c1ccccc1)C3(COC)(CCN(CCc2cccs2)CC3))CC,Training,NON-Toxic,0,,,,,
538,N.A.,n1ccn(c1)CC(c2ccc(cc2Cl)Cl)SCc3ccc(cc3)Cl,Training,NON-Toxic,0,,,,,
539,N.A.,O=S(=O)(NC)Cc1ccc2[nH]cc(c2(c1))CCN(C)C,Training,NON-Toxic,0,,,,,
540,N.A.,O=C1N(c3ccc(cc3(C(=NC1(O))c2ccccc2))Cl)C,Training,NON-Toxic,0,,,,,
541,N.A.,O=C5OCC6C(OC2OC(C)C(OC(O)c1cccs1)C(O)C2(O))c3cc7OCOc7(cc3C(c4cc(OC)c(O)c(OC)c4)C56),Training,NON-Toxic,0,,,,,
542,N.A.,O=C(N3CCN(c1nc(N)c2cc(OC)c(OC)cc2(n1))CC3)C4OCCC4,Training,NON-Toxic,0,,,,,
543,N.A.,n1cnn(c1)CC2(OCC(O2)COc3ccc(cc3)N4CCN(CC4)C(C)C)c5ccc(cc5Cl)Cl,Training,NON-Toxic,0,,,,,
544,N.A.,O=C(OC2CCC3C4CCC1=CC(=O)CCC1(C)C4(CCC23(C)))CC,Training,NON-Toxic,0,,,,,
545,N.A.,n1ccn(c1)CC(OCc2ccsc2Cl)c3ccc(cc3Cl)Cl,Training,NON-Toxic,0,,,,,
546,N.A.,O=C(Nc1c(cccc1C)C)C(N)C,Training,NON-Toxic,0,,,,,
547,N.A.,O=C2OCC=1C(=O)N4C(=CC=1C2(O)CC)c3nc5ccc(O)c(c5(cc3C4))CN(C)C,Training,NON-Toxic,0,,,,,
548,N.A.,n4nc1n(c3ccc(cc3(C(=NC1)c2ccccc2Cl))Cl)c4C,Training,NON-Toxic,0,,,,,
549,N.A.,NCCNCCNCCN,Training,NON-Toxic,0,,,,,
550,N.A.,O=C1NC(=O)N(C=C1C(F)(F)F)C2OC(CO)C(O)C2,Training,NON-Toxic,0,,,,,
551,N.A.,n1c(nc2ccc(c(c2(c1N))C)CNc3cc(OC)c(OC)c(OC)c3)N,Training,NON-Toxic,0,,,,,
552,N.A.,O=C(OCCOCN1C=NC2C(=O)NC(=NC12)N)C(N)C(C)C,Training,NON-Toxic,0,,,,,
553,N.A.,O=C(OC5CC6CCC1C(CCC2(C)(C(OC(=O)C)C(CC12)[N+]3(C)(CCCCC3)))C6(C)(CC5(N4CCCCC4)))C,Training,NON-Toxic,0,,,,,
554,N.A.,O=C(c1ccc(cc1)Cl)c2c(cc(n2C)CC(=O)O)C,Training,NON-Toxic,0,,,,,
555,N.A.,OCC(Nc2nc(NCc1ccccc1)c3ncn(c3(n2))C(C)C)CC,Training,NON-Toxic,0,,,,,
556,N.A.,O=C1NC(=O)N(C=C1Br)C2OC(CO)C(O)C2,Training,NON-Toxic,0,,,,,
557,N.A.,O=C(N)c1ncn(c1(N))C2OC(CO)C(O)C2(O),Training,NON-Toxic,0,,,,,
558,N.A.,O=C(N)C,Training,NON-Toxic,0,,,,,
559,N.A.,O=C(O)c1c(cc(c(NC(=O)C)c1I)I)I,Training,NON-Toxic,0,,,,,
560,N.A.,O=C(O)CC(OC(=O)C)C[N+](C)(C)C,Training,NON-Toxic,0,,,,,
561,N.A.,n1cnc2[nH]cnc2(c1N),Training,NON-Toxic,0,,,,,
562,N.A.,O=P(O)(O)OP(=O)(O)OP(=O)(O)OCC3OC(n2cnc1c(ncnc12)N)C(O)C3(O),Training,NON-Toxic,0,,,,,
563,N.A.,N=C(N)SCCN,Training,NON-Toxic,0,,,,,
564,N.A.,O=C(N)NC1NC(=O)NC1(=O),Training,NON-Toxic,0,,,,,
565,N.A.,O=C1NC(=O)C(C(=O)N1)(CC=C)CC=C,Training,NON-Toxic,0,,,,,
566,N.A.,O=C(Oc2c(c(c1OC(C)(CCc1c2C)CCCC(C)CCCC(C)CCCC(C)C)C)C)C,Training,NON-Toxic,0,,,,,
567,N.A.,NC23(CC1CC(CC(C1)C2)C3),Training,NON-Toxic,0,,,,,
568,N.A.,OC2CCC(NCc1cc(cc(c1(N))Br)Br)CC2,Training,NON-Toxic,0,,,,,
569,N.A.,N(N)=C(N)N,Training,NON-Toxic,0,,,,,
570,N.A.,O=C1NC(=O)C(C(=O)N1)(CC)CCC(C)C,Training,NON-Toxic,0,,,,,
571,N.A.,O(c1ccc(cc1)C2=CC(=S)SS2)C,Training,NON-Toxic,0,,,,,
572,N.A.,O=C1NC(=O)C(C(=O)N1)(CC=C)C(C)C,Training,NON-Toxic,0,,,,,
573,N.A.,O=C2C(=C(C=CC(=CC=CC(=CC=CC=C(C=CC=C(C=CC1=C(C(=O)C(O)CC1(C)C)C)C)C)C)C)C(C)(C)CC2(O))C,Training,NON-Toxic,0,,,,,
574,N.A.,O=C(OC2CC1N(C)C(CC1)C2)C(c3ccccc3)CO,Training,NON-Toxic,0,,,,,
575,N.A.,O=C(NOCCO)c3cc1c(ncn1C)c(F)c3(Nc2ccc(cc2Cl)Br),Training,NON-Toxic,0,,,,,
576,N.A.,O=C1NC(=O)C(C(=O)N1)(CC)CC,Training,NON-Toxic,0,,,,,
577,N.A.,O=C(Oc1ccc(cc1)NC(=O)C)c2ccccc2(OC(=O)C),Training,NON-Toxic,0,,,,,
578,N.A.,O=C(c1cc(c(O)c(c1)I)I)c2c3ccccc3(oc2CC),Training,NON-Toxic,0,,,,,
579,N.A.,O=C(OOC(=O)c1ccccc1)c2ccccc2,Training,NON-Toxic,0,,,,,
580,N.A.,O=C(O)C[N+](C)(C)C,Training,NON-Toxic,0,,,,,
581,N.A.,O=C1C=CC3(C(=C1)CCC2C4CC(C)C(O)(C(=O)COP(=O)(O)O)C4(C)(CC(O)C23(F)))(C),Training,NON-Toxic,0,,,,,
582,N.A.,n1ccn(c1)C(c2ccccc2)c3ccc(cc3)c4ccccc4,Training,NON-Toxic,0,,,,,
583,N.A.,n1nc3n(c1C)c2c(cc(Br)s2)C(=NC3)c4ccccc4Cl,Training,NON-Toxic,0,,,,,
584,N.A.,O=C(N(c1c(cccc1CC)CC)COCCCC)CCl,Training,NON-Toxic,0,,,,,
585,N.A.,O=C1NC(=O)C(C(=O)N1)(CC)CCCC,Training,NON-Toxic,0,,,,,
586,N.A.,O=C(OCC[N+](C)(C)C)N,Training,NON-Toxic,0,,,,,
587,N.A.,O=C(Oc1cccc2ccccc12)NC,Training,NON-Toxic,0,,,,,
588,N.A.,O=C(NCCCC)NS(=O)(=O)c1ccc(N)cc1,Training,NON-Toxic,0,,,,,
589,N.A.,O=C(NC(=N)N)c1ccc(c(c1)S(=O)(=O)C)C(C)C,Training,NON-Toxic,0,,,,,
590,N.A.,O=C(OCC(C)(COC(=O)NC(C)C)CCC)N,Training,NON-Toxic,0,,,,,
591,N.A.,O=C(O)C(c1ccc3c(c1)[nH]c2ccc(cc23)Cl)C,Training,NON-Toxic,0,,,,,
592,N.A.,O=C(NC)C4OC(n2cnc1c(ncnc12)NCc3cccc(c3)I)C(O)C4(O),Training,NON-Toxic,0,,,,,
593,N.A.,O=S(=O)(NCl)c1ccc(cc1)C,Training,NON-Toxic,0,,,,,
594,N.A.,ON2C(c1ccccc1)=C3C=C(C=CC3(=NC(=NC)C2))Cl,Training,NON-Toxic,0,,,,,
595,N.A.,Oc1cc(c(c(c1)C)Cl)C,Training,NON-Toxic,0,,,,,
596,N.A.,O=C(O)C2OC(OC1C(O)C(OC(O)C1(NC(=O)C))OS(=O)(=O)O)C(O)C(O)C2(O),Training,NON-Toxic,0,,,,,
597,N.A.,N#Cc1ccc3c(c1)COC3(c2ccc(F)cc2)CCCN(C)C,Training,NON-Toxic,0,,,,,
598,N.A.,O=C(O)CC(O)(C(=O)O)CC(=O)O,Training,NON-Toxic,0,,,,,
599,N.A.,Oc2c1ncccc1c(cc2I)Cl,Training,NON-Toxic,0,,,,,
600,N.A.,n1ccn(c1)C(c2ccccc2)(c3ccccc3)c4ccccc4Cl,Training,NON-Toxic,0,,,,,
601,N.A.,O=C1C(OC)=C(OC)C(=O)C(=C1C)CC=C(C)CCC=C(C)CCC=C(C)CCC=C(C)CCC=C(C)CCC=C(C)CCC=C(C)CCC=C(C)CCC=C(C)CCC=C(C)C,Training,NON-Toxic,0,,,,,
602,N.A.,OCC3OC(n2cnc1c(ncnc12)N)C(O)C3,Training,NON-Toxic,0,,,,,
603,N.A.,O=C(OCC(=O)C3(O)(CCC2C4CCC1=CC(=O)CCC1(C)C4(C(=O)CC23(C))))C,Training,NON-Toxic,0,,,,,
604,N.A.,O=C(OC1CC(C)CC(C)(C)C1)C(O)c2ccccc2,Training,NON-Toxic,0,,,,,
605,N.A.,O=C1NC(=O)C(C(=O)N1)(C2=CCCCC2)CC,Training,NON-Toxic,0,,,,,
606,N.A.,O=C(O)C(CC)C1(O)(CCCCC1),Training,NON-Toxic,0,,,,,
607,N.A.,O=C(OC2CC(OC(=O)C=Cc1ccc(O)c(O)c1)(C(=O)O)CC(O)C2(O))C=Cc3ccc(O)c(O)c3,Training,NON-Toxic,0,,,,,
608,N.A.,O=C1c3cccc(O)c3(C(=O)c2c(O)cccc12),Training,NON-Toxic,0,,,,,
609,N.A.,O=C3N=C(O)N(N=Cc1oc(cc1)c2ccc(cc2)[N+](=O)[O-])C3,Training,NON-Toxic,0,,,,,
610,N.A.,c1cc(ccc1C(c2ccc(cc2)Cl)C(Cl)(Cl)Cl)Cl,Training,NON-Toxic,0,,,,,
611,N.A.,O=C(O)CCC(C)C3CCC2C4C(=O)CC1CC(CCC1(C)C4(CC(=O)C23(C)))=S,Training,NON-Toxic,0,,,,,
612,N.A.,O=C(NC3N=C(c1ccccc1)c2ccccc2N(C3(=O))C)c4cc5ccccc5([nH]4),Training,NON-Toxic,0,,,,,
613,N.A.,O=CC(O)C(O)C(O)C(O)COC2OC(COC1OC(CO)C(O)C(O)C1(O))C(O)C(O)C2(O),Training,NON-Toxic,0,,,,,
614,N.A.,O=C(O)c1c(c(NC(=O)C)c(c(NC(=O)C)c1I)I)I,Training,NON-Toxic,0,,,,,
615,N.A.,N#CCC4(O)(CCC3C2C(=C1C(=CC(=O)CC1)CC2)CCC34(C)),Training,NON-Toxic,0,,,,,
616,N.A.,O=C1OCC(=C1)C6CCC7(O)(C8CCC5CC(OC4OC(C)C(OC3OC(C)C(OC2OC(C)C(O)C(O)C2)CC3(O))C(O)C4)CCC5(C)C8(CCC67(C))),Training,NON-Toxic,0,,,,,
617,N.A.,O=C1OCC(=C1)C6CCC7(O)(C8CCC5CC(OC4OC(C)C(OC3OC(C)C(OC2OC(C)C(O)C(O)C2)CC3(O))C(O)C4)CCC5(C)C8(CC(O)C67(C))),Training,NON-Toxic,0,,,,,
618,N.A.,O=C3C=C(Oc4cc(OC2OC(COC1OC(C)C(O)C(O)C1(O))C(O)C(O)C2(O))cc(O)c34)c5ccc(OC)c(O)c5,Training,NON-Toxic,0,,,,,
619,N.A.,O(CCN(C)C)C(c1ccccc1)c2ccccc2,Training,NON-Toxic,0,,,,,
620,N.A.,Oc1cccc(c1)C(c2ccc(OCCN(C)C)cc2)=C(c3ccccc3)CC,Training,NON-Toxic,0,,,,,
621,N.A.,O=C2Nc1ccccc1N2C3=CCN(CC3)CCCC(=O)c4ccc(F)cc4,Training,NON-Toxic,0,,,,,
622,N.A.,O=C(O)C(N)(CCCN)C(F)F,Training,NON-Toxic,0,,,,,
623,N.A.,Oc1c(cc(NC(CCCCCCCCCCCCC)=S)c(c1C)C)C,Training,NON-Toxic,0,,,,,
624,N.A.,O=C(O)CSCC(=O)NC1C(=O)SCC1,Training,NON-Toxic,0,,,,,
625,N.A.,Oc1ccc2c(c1)CCC3C2CCC4(C)(C(O)C(O)CC34),Training,NON-Toxic,0,,,,,
626,N.A.,O=C2CCC3C4CCc1cc(OS(=O)(=O)O)ccc1C4(CCC23(C)),Training,NON-Toxic,0,,,,,
627,N.A.,O=C(O)COc1ccc(C(=O)C(=C)CC)c(c1Cl)Cl,Training,NON-Toxic,0,,,,,
628,N.A.,O=S(=O)(N)c2nc1ccc(OCC)cc1s2,Training,NON-Toxic,0,,,,,
629,N.A.,O=S(=O)(O)c5cc(c6ccc(N=Nc1ccc(cc1C)c4ccc(N=Nc2ccc3c(c2(O))c(N)c(cc3S(=O)(=O)O)S(=O)(=O)O)c(c4)C)c(O)c6(c5(N)))S(=O)(=O)O,Training,NON-Toxic,0,,,,,
630,N.A.,O=C1N=C(N)C(F)=CN1,Training,NON-Toxic,0,,,,,
631,N.A.,O=C1N(c3ccc(cc3(C(=NC1)c2ccccc2(F)))[N+](=O)[O-])C,Training,NON-Toxic,0,,,,,
632,N.A.,O=C2OCCN2(N=Cc1oc(cc1)[N+](=O)[O-]),Training,NON-Toxic,0,,,,,
633,N.A.,OC1C(OCC(O)(C)C1(NC))OC3C(O)C(OC2OC(CN)CCC2(N))C(N)CC3(N),Training,NON-Toxic,0,,,,,
634,N.A.,c1cc(ccc1C(c2ccc(cc2)N(C)C)=C3C=CC(C=C3)=[N+](C)C)N(C)C,Training,NON-Toxic,0,,,,,
635,N.A.,OCC1OC(O)C(N)C(O)C1(O),Training,NON-Toxic,0,,,,,
636,N.A.,O=C(O)CNC(=O)C(NC(=O)CCC(N)C(=O)O)CSSCC(NC(=O)CCC(N)C(=O)O)C(=O)NCC(=O)O,Training,NON-Toxic,0,,,,,
637,N.A.,C1CC(C2CC(CCC(C12)C)C(C)C)C,Training,NON-Toxic,0,,,,,
638,N.A.,O=C(O)CCc2c1Cc5[nH]c(Cc4[nH]c(Cc3[nH]c(Cc([nH]1)c2C)c(c3C(O)C)C)c(c4C(O)C)C)c(c5CCC(=O)O)C,Training,NON-Toxic,0,,,,,
639,N.A.,Oc1c(cc(c(c1Cc2c(O)c(cc(c2Cl)Cl)Cl)Cl)Cl)Cl,Training,NON-Toxic,0,,,,,
640,N.A.,NC1(C)(CN(CN(CC(CC)CCCC)C1)CC(CC)CCCC),Training,NON-Toxic,0,,,,,
641,N.A.,O=C1N=C(O)N(C(=O)C1(C2=CCCCC2)C)C,Training,NON-Toxic,0,,,,,
642,N.A.,n1c[nH]c(c1)CCN,Training,NON-Toxic,0,,,,,
643,N.A.,O=C(OCC(=O)C3(O)(CCC2C4CCC1=CC(=O)CCC1(C)C4(C(O)CC23(C))))C,Training,NON-Toxic,0,,,,,
644,N.A.,O=C(O)CCC(NOC(=O)C(C(=O)C(=O)Nc1ccccc1C(C)(C)C)C)C(=O)COc2c(F)c(F)cc(F)c2(F),Training,NON-Toxic,0,,,,,
645,N.A.,O(c1ccc(cc1)C(c2ccc(cc2)I)=C(c3ccccc3)CC)CCN4CCCC4,Training,NON-Toxic,0,,,,,
646,N.A.,O=C(NO)CC(C(=O)NC(C(=O)NC)Cc2c[nH]c1ccccc12)CC(C)C,Training,NON-Toxic,0,,,,,
647,N.A.,O=C(O)CCCC=C1CC2CC(O)C(C=CC(O)C(C)CC#CC)C2(C1),Training,NON-Toxic,0,,,,,
648,N.A.,O=S(=O)(O)CCCCN6c2ccc1ccccc1c2CC6(=CC=CC=CC=CC5=[N+](c4ccc3ccccc3c4C5(C)C)CCCCS(=O)(=O)O),Training,NON-Toxic,0,,,,,
649,N.A.,O=C3N=CNc1c3(ncn1C2OC(CO)C(O)C2(O)),Training,NON-Toxic,0,,,,,
650,N.A.,O=C(O)c2c(cc(c(NC(=O)CCCCC(=O)Nc1c(cc(c(C(=O)O)c1I)I)I)c2I)I)I,Training,NON-Toxic,0,,,,,
651,N.A.,O=C1C(=COc2ccccc12)c3ccccc3,Training,NON-Toxic,0,,,,,
652,N.A.,O=C1ONC(=O)C1Cc4ccc(OCCc2nc(oc2C)c3ccccc3)cc4,Training,NON-Toxic,0,,,,,
653,N.A.,OCC3OC(OC2C(O)C(OC1OC(CN)C(O)C(O)C1(N))C(N)CC2(N))C(O)C(N)C3(O),Training,NON-Toxic,0,,,,,
654,N.A.,O=C2CCCCC2(NC)(c1ccccc1Cl),Training,NON-Toxic,0,,,,,
655,N.A.,O=C2C=C(Oc3c(OC)c1occc1c(OC)c23)C,Training,NON-Toxic,0,,,,,
656,N.A.,OCC2OC(OC1C(O)C(O)C(O)OC1(CO))C(O)C(O)C2(O),Training,NON-Toxic,0,,,,,
657,N.A.,N#CC(C#N)=NNc1ccc(cc1)C2=NNC(=O)CC2C,Training,NON-Toxic,0,,,,,
658,N.A.,O=C(N(C)C)C(c1ccccc1)(c2ccccc2)CCN4CCC(O)(c3ccc(cc3)Cl)CC4,Training,NON-Toxic,0,,,,,
659,N.A.,O=C(OCC)CC(C(=O)OCC)SP(OC)(OC)=S,Training,NON-Toxic,0,,,,,
660,N.A.,OC3(c1ccc(cc1)Cl)(c4ccccc4(C2=NCCN23)),Training,NON-Toxic,0,,,,,
661,N.A.,O=C(OCC(C)(COC(=O)N)C(C)CC)N,Training,NON-Toxic,0,,,,,
662,N.A.,c1ccc(cc1)C(c2ccc(cc2)Cl)N4CCN(Cc3cccc(c3)C)CC4,Training,NON-Toxic,0,,,,,
663,N.A.,O=C(OCCN(C)C)COc1ccc(cc1)Cl,Training,NON-Toxic,0,,,,,
664,N.A.,O=C2NC(c1ccccc1)(C(=O)N2C)CC,Training,NON-Toxic,0,,,,,
665,N.A.,O=C2NC(=O)C(c1ccccc1)(C(=O)N2C)CC,Training,NON-Toxic,0,,,,,
666,N.A.,O=C(N(c1ccccc1C)C)C2N(C)C(C)CCC2,Training,NON-Toxic,0,,,,,
667,N.A.,O=C(OCC(C)(COC(=O)N)CCC)N,Training,NON-Toxic,0,,,,,
668,N.A.,O=C(O)COc1ccccc1(C(=O)NCC(OC)C[Hg]O),Training,NON-Toxic,0,,,,,
669,N.A.,O=C1c3ccccc3(N=C(N1c2ccccc2C)C),Training,NON-Toxic,0,,,,,
670,N.A.,O=C1NC(=O)C(C(=O)N1C)(CC=C)C(C=CCC)C,Training,NON-Toxic,0,,,,,
671,N.A.,O=C(OC)c1ccccc1(O),Training,NON-Toxic,0,,,,,
672,N.A.,O=C1NCC(C(=O)C1(CC)CC)C,Training,NON-Toxic,0,,,,,
673,N.A.,O=C5C=C4C(=C3C(c1ccc(cc1)N(C)C)CC2(C)(C(CCC2(O)(C#CC))C3CC4))CC5,Training,NON-Toxic,0,,,,,
674,N.A.,OCC1N(CCCC)CC(O)C(O)C1(O),Training,NON-Toxic,0,,,,,
675,N.A.,O=C(O)C(CC(=O)N1CC2CCCCC2(C1))Cc3ccccc3,Training,NON-Toxic,0,,,,,
676,N.A.,n2c(OC)c(N=C1NCCN1)c(nc2C)Cl,Training,NON-Toxic,0,,,,,
677,N.A.,Oc5ccc4c1c5(OC2C(O)C=CC3C(N(CC=C)CCCC123)C4),Training,NON-Toxic,0,,,,,
678,N.A.,O=C1CCC5(O)(C4N(CC=C)CCC25(c3c(OC12)c(O)ccc3C4)),Training,NON-Toxic,0,,,,,
679,N.A.,O=C(OC2CCC3C4CCC1=CC(=O)CCC1C4(CCC23(C)))CCCCCCCCC,Training,NON-Toxic,0,,,,,
680,N.A.,O=C2OC(C)CC=CC=CC=CC=CC(OC1OC(C)C(O)C(N)C1(O))CC4OC(O)(CC(O)CC3OC3(C=C2))CC(O)C4(C(=O)O),Training,NON-Toxic,0,,,,,
681,N.A.,OCC4OC(OC2C(O)C(N)CC(N)C2(OC1CC(CN)C(O)C(O)C1(N)))C(O)C4(OC3OC(CN)C(O)C(O)C3(N)),Training,NON-Toxic,0,,,,,
682,N.A.,OCC4OC(OC2C(O)C(N)CC(N)C2(OC1OC(CN)C(O)C(O)C1(N)))C(O)C4(OC3OC(CN)C(O)C(O)C3(N)),Training,NON-Toxic,0,,,,,
683,N.A.,O=C(Oc1cccc(c1)[N+](C)(C)C)N(C)C,Training,NON-Toxic,0,,,,,
684,N.A.,O=C(OCC3CN(C)C4Cc2cn(c1cccc(c12)C4(OC)(C3))C)c5cncc(c5)Br,Training,NON-Toxic,0,,,,,
685,N.A.,O=C(OCC(COC(=O)c1cnccc1)(COC(=O)c2cnccc2)COC(=O)c3cnccc3)c4cnccc4,Training,NON-Toxic,0,,,,,
686,N.A.,O=C(NCCO[N+](=O)[O-])c1cnccc1,Training,NON-Toxic,0,,,,,
687,N.A.,O=C(N)c1ccc[n+](c1)C5OC(COP(=O)(O)OP(=O)(O)OCC4OC(n3cnc2c(ncnc23)N)C(O)C4(O))C(O)C5(O),Training,NON-Toxic,0,,,,,
688,N.A.,O=[N+]([O-])c2oc(C=NN1CCS(=O)(=O)CC1C)cc2,Training,NON-Toxic,0,,,,,
689,N.A.,O=C1NCCN1c2ncc([N+](=O)[O-])s2,Training,NON-Toxic,0,,,,,
690,N.A.,O=C(c1ccc(cc1[N+](=O)[O-])C(F)(F)F)C2C(=O)CCCC2(=O),Training,NON-Toxic,0,,,,,
691,N.A.,O=C1Nc3ccc(cc3(C(=NC1)c2ccccc2))[N+](=O)[O-],Training,NON-Toxic,0,,,,,
692,N.A.,O=C(OC3(C#C)(CCC2C4CCC1=CC(=O)CCC1C4(CCC23(C))))C,Training,NON-Toxic,0,,,,,
693,N.A.,O=C1CC3=C(CC1)C4CCC2(C)(C(CCC2(O)(C#C))C4(CC3)),Training,NON-Toxic,0,,,,,
694,N.A.,O=C1OC(c2ccc(OC)c(OC)c12)C4c3c(OC)c5OCOc5(cc3CCN4(C)),Training,NON-Toxic,0,,,,,
695,N.A.,O=C(N)CNC(=O)C(NC(=O)C4N(C(=O)C1NC(=O)C(NC(=O)C(NC(=O)C(NC(=O)C(NC(=O)C(N)CSSC1)Cc2ccccc2)Cc3ccccc3)CCC(=O)N)CC(=O)N)CCC4)CCCCN,Training,NON-Toxic,0,,,,,
696,N.A.,O=C(O)C1=CC(=O)NC(=O)N1,Training,NON-Toxic,0,,,,,
697,N.A.,O(CCN(C)C)C(c1ccccc1)c2ccccc2C,Training,NON-Toxic,0,,,,,
698,N.A.,O=[N+]([O-])c1cc2NC(CNC(C)C)CCc2(cc1CO),Training,NON-Toxic,0,,,,,
699,N.A.,O=C1OCC4(C)(C(C1)CCC3C4(CCC2(C)(C3(CCC2(O)(C))))),Training,NON-Toxic,0,,,,,
700,N.A.,OC(COc1ccccc1(OCC=C))CNC(C)C,Training,NON-Toxic,0,,,,,
701,N.A.,O=C(c1ccccc1)c2ccc(OC)cc2(O),Training,NON-Toxic,0,,,,,
702,N.A.,O=C1CCC5(O)(C4N(C)CCC25(c3c(OC12)c(OC)ccc3C4)),Training,NON-Toxic,0,,,,,
703,N.A.,O=C3N(c1ccccc1)N(c2ccc(O)cc2)C(=O)C3CCCC,Training,NON-Toxic,0,,,,,
704,N.A.,O=C(N)C=3C(=O)C4(O)(C(O)=C2C(=O)c1c(O)cccc1C(O)(C)C2C(O)C4(C(C=3(O))N(C)C)),Training,NON-Toxic,0,,,,,
705,N.A.,O=C(O)C=Cc1ccc(cc1)Cn2cncc2,Training,NON-Toxic,0,,,,,
706,N.A.,OCC4OC(OC3C(OC2OC(CO)C(OC1OC(CN)C(O)C(O)C1(N))C2(O))C(O)C(N)CC3(N))C(N)C(O)C4(O),Training,NON-Toxic,0,,,,,
707,N.A.,Oc1ccc2c(c1)C3(C)(CCN(CC=C(C)C)C(C2)C3(C)),Training,NON-Toxic,0,,,,,
708,N.A.,N=C(N)NC(=N)NCCc1ccccc1,Training,NON-Toxic,0,,,,,
709,N.A.,O=C3OC(c1ccc(O)cc1)(c2ccc(O)cc2)c4ccccc34,Training,NON-Toxic,0,,,,,
710,N.A.,O(c1ccccc1)CC(N(Cc2ccccc2)CCCl)C,Training,NON-Toxic,0,,,,,
711,N.A.,Oc1cccc(c1)N(c2ccc(cc2)C)CC3=NCCN3,Training,NON-Toxic,0,,,,,
712,N.A.,OC(c1ccccc1)C(N)C,Training,NON-Toxic,0,,,,,
713,N.A.,O=C(Oc1ccc2c(c1)C3(C)(CCN(C)C3(N2C)))NC,Training,NON-Toxic,0,,,,,
714,N.A.,N1CCNCC1,Training,NON-Toxic,0,,,,,
715,N.A.,O1c2cc(c(cc2(OC1))CCC)COCCOCCOCCCC,Training,NON-Toxic,0,,,,,
716,N.A.,OC=C,Training,NON-Toxic,0,,,,,
717,N.A.,O=C(O)CCc2c1Cc5[nH]c(Cc4[nH]c(Cc3[nH]c(Cc([nH]1)c2C)c(c3CC)C)c(c4C(O)C)C)c(c5CCC(=O)O)C,Training,NON-Toxic,0,,,,,
718,N.A.,O=C(NC(C)C)c1ccc(cc1)CNNC,Training,NON-Toxic,0,,,,,
719,N.A.,c1ccc3c(c1)N(c2ccccc2S3)CC(N(C)C)C,Training,NON-Toxic,0,,,,,
720,N.A.,O=Cc1c(O)c(ncc1COP(=O)(O)O)C,Training,NON-Toxic,0,,,,,
721,N.A.,C#CC4(O)(CCC3C5CCc2cc(OC1CCCC1)ccc2C5(CCC34(C))),Training,NON-Toxic,0,,,,,
722,N.A.,O=C(O)C(OCC)Cc4ccc(OCCN2c3ccccc3(Oc1ccccc12))cc4,Training,NON-Toxic,0,,,,,
723,N.A.,O=C1C=C(c2ccccc2(N1))CC(NC(=O)c3ccc(cc3)Cl)C(=O)O,Training,NON-Toxic,0,,,,,
724,N.A.,O=C(NN1CCCCC1)c4nn(c2ccc(cc2Cl)Cl)c(c3ccc(cc3)Cl)c4C,Training,NON-Toxic,0,,,,,
725,N.A.,O=C(NCN1CCCC1)C=4C(=O)C5(O)(C(O)=C3C(=O)c2c(O)cccc2C(O)(C)C3CC5(C(C=4(O))N(C)C)),Training,NON-Toxic,0,,,,,
726,N.A.,O=C(O)c4c(C2=C3C=C(C(=O)C(=C3(Oc1c2(cc(c(O)c1I)I)))I)I)c(c(c(c4Cl)Cl)Cl)Cl,Training,NON-Toxic,0,,,,,
727,N.A.,O=C(O)CC(O)CC(O)C=CC1C(NC(NC1C(C)C)N(C)S(=O)(=O)C)c2ccc(F)cc2,Training,NON-Toxic,0,,,,,
728,N.A.,O=C1OC=CC(=C1)C5CCC6(O)(C7CCC4=CC(OC3OC(C)C(OC2OC(CO)C(O)C(O)C2(O))C(O)C3(O))CCC4(C)C7(CCC56(C))),Training,NON-Toxic,0,,,,,
729,N.A.,O=C(O)C(N)CC[Se]C,Training,NON-Toxic,0,,,,,
730,N.A.,O=C(O)c1ccccc1,Training,NON-Toxic,0,,,,,
731,N.A.,O=C(O)O,Training,NON-Toxic,0,,,,,
732,N.A.,O=NN(C(=O)NC1C(O)OC(CO)C(O)C1(O))C,Training,NON-Toxic,0,,,,,
733,N.A.,OCC2OC(OC1(OC(CO)C(O)C1(O))(CO))C(O)C(O)C2(O),Training,NON-Toxic,0,,,,,
734,N.A.,O=S(=O)(Nc1ncnc(OC)c1(OC))c2ccc(N)cc2,Training,NON-Toxic,0,,,,,
735,N.A.,O=S(=O)(Nc1nccc(n1)C)c2ccc(N)cc2,Training,NON-Toxic,0,,,,,
736,N.A.,Oc1ccc(cc1)C(O)CNC,Training,NON-Toxic,0,,,,,
737,N.A.,n2c1ccccc1c(N)c3ccccc23,Training,NON-Toxic,0,,,,,
738,N.A.,O=C(OCC3OC(OC(=O)c1cc(O)c(O)c(O)c1)C(O)C(OC(=O)c2cc(O)c(O)c(O)c2)C3(O))c4cc(O)c(O)c(O)c4,Training,NON-Toxic,0,,,,,
739,N.A.,Oc1cc(O)cc(c1)C(O)CNC(C)(C)C,Training,NON-Toxic,0,,,,,
740,N.A.,O=S(=O)(Nc2nc(nc(OCCO)c2(Oc1ccccc1(OC)))c3ccnc(c3)c4nn[nH]n4)c5ncc(cc5)C(C)C,Training,NON-Toxic,0,,,,,
741,N.A.,OCCSCCCCCCCCCCSCCO,Training,NON-Toxic,0,,,,,
742,N.A.,O=C(O)C(c2ccc(C(=O)c1ccccc1)s2)C,Training,NON-Toxic,0,,,,,
743,N.A.,O=C(N)c2nc(C1OC(CO)C(O)C1(O))sc2,Training,NON-Toxic,0,,,,,
744,N.A.,O=C(OC2CCC1(OC1)C(C2(OC))C3(OC3(CC=C(C)C))(C))NC(=O)CCl,Training,NON-Toxic,0,,,,,
745,N.A.,OCC3OC(OC2C(O)C(OC1OC(CN)C(O)CC1(N))C(N)CC2(N))C(O)C(N)C3(O),Training,NON-Toxic,0,,,,,
746,N.A.,O=C(O)c2ccccc2(NC(=O)C=Cc1ccc(OC)c(OC)c1),Training,NON-Toxic,0,,,,,
747,N.A.,O=C(O)Cc2cc(c(Oc1ccc(O)c(c1)I)c(c2)I)I,Training,NON-Toxic,0,,,,,
748,N.A.,O=C1C=CC4(C(=C1)CCC3C5CC2OC(OC2(C(=O)CO)C5(C)(CC(O)C34(F)))(C)C)(C),Training,NON-Toxic,0,,,,,
749,N.A.,O=P(OC)(OC)C(O)C(Cl)(Cl)Cl,Training,NON-Toxic,0,,,,,
750,N.A.,O=C(O)C(Cl)(Cl)Cl,Training,NON-Toxic,0,,,,,
751,N.A.,Oc2cc(ccc2(Oc1ccc(cc1Cl)Cl))Cl,Training,NON-Toxic,0,,,,,
752,N.A.,O=C2N(Cc1ccccc1)C4CS5CCCC5(C4(N2Cc3ccccc3)),Training,NON-Toxic,0,,,,,
753,N.A.,O=S(=O)(O)c5cc(N)c6c(O)c(N=Nc1ccc(cc1C)c4ccc(N=Nc2c(O)c3c(N)cc(cc3(cc2S(=O)(=O)O))S(=O)(=O)O)c(c4)C)c(cc6(c5))S(=O)(=O)O,Training,NON-Toxic,0,,,,,
754,N.A.,O=C(O)C(N)Cc2c[nH]c1ccccc12,Training,NON-Toxic,0,,,,,
755,N.A.,Oc1ccc(cc1)C(C)(C)CC(C)(C)C,Training,NON-Toxic,0,,,,,
756,N.A.,O=C(O)CCC(N)C=C,Training,NON-Toxic,0,,,,,
757,N.A.,O=C(OC2C(O)(C(=O)OC)C5N(c1cc(OC)c(cc1C45(CCN3CC=CC2(CC)C34))C9(C(=O)OC)(c7[nH]c6ccccc6c7CN8CC(CC(C8)C(F)(F)C)C9))C)C,Training,NON-Toxic,0,,,,,
758,N.A.,OC3CC(=CC=C1CCCC2(C)(C1CCC2(C(C)CCCC(C)C)))C(=C)CC3,Training,NON-Toxic,0,,,,,
759,N.A.,O=C(Nc1c(cccc1C)C)c2cc(c(cc2(O))Cl)S(=O)(=O)N,Training,NON-Toxic,0,,,,,
760,,O=C(O)Cc2ccccc2(Nc1c(cccc1Cl)Cl),,,1,Molecule 3,Toxic (EXPERIMENTAL value),Toxic,1.0,TP
761,,O=C3OC(CC)C(O)(C)C(O)C(C(=O)C(C)CC(O)(C)C(OC1OC(C)CC(N(C)C)C1(O))C(C)C(OC2OC(C)C(O)C(OC)(C)C2)C3C)C,,,1,Molecule 4,Toxic (EXPERIMENTAL value),Toxic,1.0,TP
762,,FC(F)(F)c2ccc(OC(c1ccccc1)CCNC)cc2,,,1,Molecule 5,Toxic (EXPERIMENTAL value),Toxic,1.0,TP
763,,O=C(NN)c1ccncc1,,,1,Molecule 6,Toxic (EXPERIMENTAL value),Toxic,1.0,TP
764,,O=C2Nc1c(nccc1C)N(c3ncccc23)C4CC4,,,1,Molecule 8,Toxic (EXPERIMENTAL value),Toxic,1.0,TP
765,,O=C(OCc1cncs1)NC(Cc2ccccc2)C(O)CC(NC(=O)C(NC(=O)N(C)Cc3nc(C(C)C)sc3)C(C)C)Cc4ccccc4,,,1,Molecule 10,Toxic (EXPERIMENTAL value),Toxic,1.0,TP
766,,O=C1c3ccccc3(OC(O)=C1C(c2ccc(cc2)[N+](=O)[O-])CC(=O)C),,,1,Molecule 14,Toxic (EXPERIMENTAL value),Toxic,1.0,TP
767,,O=C(O)C=C(C=CC=C(C=Cc1c(cc(OC)c(c1C)C)C)C)C,,,1,Molecule 15,Toxic (EXPERIMENTAL value),Toxic,1.0,TP
768,,O=C(NCCCN(C)C2Nc1cc(OC)c(OC)cc1C(N)N2)C3OCCC3,,,1,Molecule 16,Toxic (EXPERIMENTAL value),Toxic,1.0,TP
769,,O=C(O)C3N2C(=O)C(NC(=O)C(N)c1ccccc1)C2SC3(C)(C),,,1,Molecule 18,Toxic (EXPERIMENTAL value),Toxic,1.0,TP
770,,O=C(OC)NC(C(=O)NN(Cc1ccc(cc1)c2ncccc2)CC(O)C(NC(=O)C(NC(=O)OC)C(C)(C)C)Cc3ccccc3)C(C)(C)C,,,1,Molecule 19,Toxic (EXPERIMENTAL value),Toxic,1.0,TP
771,,O=C(O)CCCc2nc1cc(ccc1n2C)N(CCCl)CCCl,,,1,Molecule 20,Toxic (EXPERIMENTAL value),Toxic,1.0,TP
772,,C(=CC=C(C=CC=C(C=CC1=C(C)CCCC1(C)C)C)C)C=C(C=CC=C(C=CC2=C(C)CCCC2(C)C)C)C,,,1,Molecule 21,Toxic (EXPERIMENTAL value),Toxic,1.0,TP
773,,O=C(N)N2c3ccccc3(C=Cc1ccccc12),,,1,Molecule 25,Toxic (EXPERIMENTAL value),Toxic,1.0,TP
774,,Oc3cc(O)c2c(OC(c1ccc(O)c(O)c1)C(O)C2)c3,,,1,Molecule 26,Toxic (EXPERIMENTAL value),Toxic,1.0,TP
775,,O=C(O)C3=C(COC(=O)C)CSC2N3(C(=O)C2(NC(=O)Cc1cccs1)),,,1,Molecule 27,Toxic (EXPERIMENTAL value),Toxic,1.0,TP
776,,O=C(OC3(C(=O)C)(CCC2C4C=C(C1=CC(=O)CCC1(C)C4(CCC23(C)))Cl))C,,,1,Molecule 28,Toxic (EXPERIMENTAL value),Toxic,1.0,TP
777,,O=C(O)c2cc(nc1ccccc12)c3ccccc3,,,1,Molecule 30,Toxic (EXPERIMENTAL value),Toxic,1.0,TP
778,,O=P1(OCCCN1)N(CCCl)CCCl,,,1,Molecule 33,Toxic (EXPERIMENTAL value),Toxic,1.0,TP
779,,O=C3C(=C(O)N)C(=O)C4(O)(C(=O)C2=C(O)c1c(O)cccc1C(C)C2C(O)C4(C3N(C)C)),,,1,Molecule 39,Toxic (EXPERIMENTAL value),Toxic,1.0,TP
780,,O=C(OC1C(OC(C)CC1(N(C)C))OC3C(C)C(OC2OC(C)C(O)C(OC)(C)C2)C(C(=O)OC(CC)C(O)(C)C(O)C(C(=O)C(C)CC3(O)(C))C)C)CC,,,1,Molecule 42,Toxic (EXPERIMENTAL value),Toxic,1.0,TP
781,,O=C1C=C(Oc2c1c(O)cc(O)c2C3CCN(C)CC3(O))c4ccccc4Cl,,,1,Molecule 45,Toxic (EXPERIMENTAL value),Toxic,1.0,TP
782,,O=C(O)C(=C1C(OC(=O)C)CC3(C)(C1CC(O)C2C4(C)(CCC(O)C(C)C4(CCC23(C)))))CCC=C(C)C,,,1,Molecule 47,Toxic (EXPERIMENTAL value),NON-Toxic,0.0,FN
783,,O=C1N(C(=O)CC(C)(C)C1)CCCCN3CCN(c2ncccn2)CC3,,,1,Molecule 48,Toxic (EXPERIMENTAL value),Toxic,1.0,TP
784,,O=C(O)C4OC(OC3C(OC(OC2C(OC(OC1C(O)C(NC(=O)C)C(O)OC1(COS(=O)(=O)O))C(OS(=O)(=O)O)C2(O))C(=O)O)C(NS(=O)(=O)O)C3(OS(=O)(=O)O))CO)C(OS(=O)(=O)O)C(O)C4(O),,,1,Molecule 51,Toxic (EXPERIMENTAL value),NON-Toxic,0.0,FN
785,,n1nc(NN)c2ccccc2(c1),,,1,Molecule 52,Toxic (EXPERIMENTAL value),Toxic,1.0,TP
786,,O=C1N(C(=NC12(CCCC2))CCCC)Cc3ccc(cc3)c5ccccc5(c4nn[nH]n4),,,1,Molecule 55,Toxic (EXPERIMENTAL value),Toxic,1.0,TP
787,,O=C(N)C(NC(=O)C3NC(=O)C(NC(=O)C(NC(=O)C(NC(=O)C(NC(=O)C(NC(=O)C(N)Cc1ccc2ccccc2(c1))CSSC3)Cc4ccc(O)cc4)Cc6c[nH]c5ccccc56)CCCCN)C(C)C)C(O)C,,,1,Molecule 57,Toxic (EXPERIMENTAL value),Toxic,1.0,TP
788,,O=C(Nc1ncccc1)C3=C(O)c2c(cc(Cl)s2)S(=O)(=O)N3C,,,1,Molecule 59,Toxic (EXPERIMENTAL value),Toxic,1.0,TP
789,,n1ccn(c1)CC(OCc2ccc(cc2Cl)Cl)c3ccc(cc3Cl)Cl,,,1,Molecule 64,Toxic (EXPERIMENTAL value),NON-Toxic,0.0,FN
790,,c1ccc(c(c1)C(c2ccc(cc2)Cl)C(Cl)Cl)Cl,,,1,Molecule 65,Toxic (EXPERIMENTAL value),NON-Toxic,0.0,FN
791,,O=C(NCN1CCOCC1)c2nccnc2,,,1,Molecule 66,Toxic (EXPERIMENTAL value),Toxic,1.0,TP
792,,O=C1N(N=C(N)C1)C(c2ccc(c(c2)Cl)Cl)C,,,1,Molecule 67,Toxic (EXPERIMENTAL value),NON-Toxic,0.0,FN
793,,O=C(O)c1cnccc1,,,1,Molecule 68,Toxic (EXPERIMENTAL value),Toxic,1.0,TP
794,,O=C(OC4C(O)C(Oc3ccc2C(O)=C(NC(=O)c1ccc(O)c(c1)CC=C(C)C)C(=O)Oc2c3C)OC(C)(C)C4(OC))N,,,1,Molecule 70,Toxic (EXPERIMENTAL value),Toxic,1.0,TP
795,,O=C(Oc1ccc(cc1)C3(C(=O)Nc2ccccc23)(c4ccc(OC(=O)C)cc4))C,,,1,Molecule 72,Toxic (EXPERIMENTAL value),Toxic,1.0,TP
796,,O=C(OCC(C)C)NCCC(=O)NC(C(=O)NC(C(=O)NC(C(=O)NC(C(=O)N)Cc1ccccc1)CC(=O)O)CCSC)Cc3c[nH]c2ccccc23,,,1,Molecule 73,Toxic (EXPERIMENTAL value),Toxic,1.0,TP
797,,O=C(O)C1=CN(c2nc(ncc2(C1(=O)))N3CCNCC3)CC,,,1,Molecule 76,Toxic (EXPERIMENTAL value),Toxic,1.0,TP
798,,O=C1C=CC4(C(=C1)CCC3C4(C(=O)CC2(C)(C3(CCC2(O)(C(=O)CO)))))(C),,,1,Molecule 78,Toxic (EXPERIMENTAL value),NON-Toxic,0.0,FN
799,,O=C3OC(CC)C(O)(C)C(O)C(C(=NOCOCCOC)C(C)CC(O)(C)C(OC1OC(C)CC(N(C)C)C1(O))C(C)C(OC2OC(C)C(O)C(OC)(C)C2)C3C)C,,,1,Molecule 83,Toxic (EXPERIMENTAL value),Toxic,1.0,TP
800,,O=C(Nc2ccc(Oc1ccnc(c1)C(=O)NC)cc2)Nc3ccc(c(c3)C(F)(F)F)Cl,,,1,Molecule 85,Toxic (EXPERIMENTAL value),Toxic,1.0,TP
801,,OC4(C)(CCC3C5CCC2Cc1[nH]ncc1CC2(C)C5(CCC34(C))),,,1,Molecule 86,Toxic (EXPERIMENTAL value),Toxic,1.0,TP
802,,O=S(=O)(Nc1ncccn1)c2ccc(N)cc2,,,1,Molecule 87,Toxic (EXPERIMENTAL value),Toxic,1.0,TP
803,,O=S(=O)(Nc1noc(c1)C)c2ccc(N)cc2,,,1,Molecule 88,Toxic (EXPERIMENTAL value),Toxic,1.0,TP
804,,O=C(O)CC=2c3cc(F)ccc3(C(=Cc1ccc(cc1)S(=O)(=O)C)C=2C),,,1,Molecule 89,Toxic (EXPERIMENTAL value),Toxic,1.0,TP
805,,O=C1NC(=O)N(C=C1(F))C2OCCC2,,,1,Molecule 90,Toxic (EXPERIMENTAL value),Toxic,1.0,TP
806,,O=C(Nc1ncccc1)C3=C(O)c2c(ccs2)S(=O)(=O)N3C,,,1,Molecule 91,Toxic (EXPERIMENTAL value),Toxic,1.0,TP
807,,O=C(NC3C(=O)NCC(=O)N(C)C4C(=O)N(C)C(C(=O)SCC(NC(=O)c1nc2ccccc2(cc1(O)))C(=O)NCC(=O)N(C)C(C(=O)N(C)C(C(=O)SC3)CSC)CSSC4)CSC)c5nc6ccccc6(cc5(O)),,,1,Molecule 93,Toxic (EXPERIMENTAL value),Toxic,1.0,TP
808,,O=C(NCCCC)NS(=O)(=O)c1ccc(cc1)C,,,1,Molecule 94,Toxic (EXPERIMENTAL value),Toxic,1.0,TP
809,,O=C1NC(C(=O)N(C)C(C(=O)N(C)C(C(=O)N(C)C(C(=O)N(C)C(C(=O)NC(C(=O)N(C)CC(=O)N(C)C(C(=O)NC(C(=O)N(C)C(C(=O)NC1C)CC(C)C)C(C)C)CC(C)C)C(C)C)C(=O)C(C)CC=CC)C(C)C)CC(C)C)CC(C)C)C,,,1,Molecule 97,Toxic (EXPERIMENTAL value),Toxic,1.0,TP
810,,O=C(OC2C(O)(C(=O)OC)C5N(c1cc(OC)c(cc1C45(CCN3CC=CC2(CC)C34))C9(C(=O)OC)(c7[nH]c6ccccc6c7CCN8CC(CC(O)(C8)CC)C9))C)C,,,1,Molecule 98,Toxic (EXPERIMENTAL value),Toxic,1.0,TP
811,,O=C(OCC)CNC(C(=O)N2CCC2(C(=O)NCc1ccc(cc1)C(=NO)N))C3CCCCC3,,,1,Molecule 100,Toxic (EXPERIMENTAL value),Toxic,1.0,TP
812,,n2c1ccccc1c(N)c3c2CCCC3,,,1,Molecule 102,Toxic (EXPERIMENTAL value),Toxic,1.0,TP
813,,O=C(OCC(=O)C35(OC6(OC5(CC2C4CCC1=CC(=O)C=CC1(C)C4(F)(C(O)CC23(C))))(CCCC6)))C,,,0,Molecule 104,NON-Toxic (EXPERIMENTAL value),NON-Toxic,0.0,TN
814,,O=C(OCCCCCOC(=O)CC[N+]3(C)(CCc1cc(OC)c(OC)cc1C3(Cc2ccc(OC)c(OC)c2)))CC[N+]6(C)(CCc4cc(OC)c(OC)cc4C6(Cc5ccc(OC)c(OC)c5)),,,0,Molecule 106,NON-Toxic (EXPERIMENTAL value),NON-Toxic,0.0,TN
815,,O=C(O)CN3C(=O)C(NC(C(=O)OCC)CCc1ccccc1)CCc2ccccc23,,,0,Molecule 107,NON-Toxic (EXPERIMENTAL value),NON-Toxic,0.0,TN
816,,n1ccn(c1)CC(CCc2ccc(cc2)Cl)Sc3c(cccc3Cl)Cl,,,0,Molecule 109,NON-Toxic (EXPERIMENTAL value),Toxic,1.0,FP
817,,O=C(O)C4=C(CSc1nnnn1C)CSC3N4(C(=O)C3(NC(=O)C(O)c2ccccc2)),,,0,Molecule 110,NON-Toxic (EXPERIMENTAL value),Toxic,1.0,FP
818,,O=C(O)C4=C(CSc1nnnn1CS(=O)(=O)O)CSC3N4(C(=O)C3(NC(=O)C(O)c2ccccc2)),,,0,Molecule 111,NON-Toxic (EXPERIMENTAL value),Toxic,1.0,FP
819,,O=C(O)C3=CCSC2N3(C(=O)C2(NC(=O)C(=CCC(=O)O)c1nc(N)sc1)),,,0,Molecule 112,NON-Toxic (EXPERIMENTAL value),NON-Toxic,0.0,TN
820,,O=C(OCCC[N+]3(C)(CCc1cc(OC)c(OC)c(OC)c1C3(Cc2cc(OC)c(OC)c(OC)c2)))CCC(=O)OCCC[N+]6(C)(CCc4cc(OC)c(OC)c(OC)c4C6(Cc5cc(OC)c(OC)c(OC)c5)),,,0,Molecule 115,NON-Toxic (EXPERIMENTAL value),Toxic,1.0,FP
821,,n1nc2n(c1)c4ccc(cc4(C(=NC2)c3ccccc3))Cl,,,0,Molecule 116,NON-Toxic (EXPERIMENTAL value),Toxic,1.0,FP
822,,O=C(Oc1ccc2c(c1)CCC4C2CCC5(C)(C(OC(=O)c3ccc(cc3)N(CCCl)CCCl)CCC45))c6ccc(cc6)N(CCCl)CCCl,,,0,Molecule 117,NON-Toxic (EXPERIMENTAL value),Toxic,1.0,FP
823,,O=C1C=CC4(C(=C1)C(F)CC3C5CC2OC(OC2(C(=O)CO)C5(C)(CC(O)C34))(C)C)(C),,,0,Molecule 118,NON-Toxic (EXPERIMENTAL value),NON-Toxic,0.0,TN
824,,O=C1N=C(N)C=CN1C2OC(CO)C(O)C2(F)(F),,,0,Molecule 119,NON-Toxic (EXPERIMENTAL value),Toxic,1.0,FP
825,,O=C(NC(CO)CO)c1c(c(NC(=O)C(O)C)c(c(C(=O)NC(CO)CO)c1I)I)I,,,0,Molecule 122,NON-Toxic (EXPERIMENTAL value),NON-Toxic,0.0,TN
826,,O=C(O)C3=C(CCC2N3(C(=O)C2(NC(=O)C(N)c1ccccc1)))Cl,,,0,Molecule 124,NON-Toxic (EXPERIMENTAL value),Toxic,1.0,FP
827,,O=C2c1[nH]cnc1C(C(=O)C2C)C,,,0,Molecule 130,NON-Toxic (EXPERIMENTAL value),Toxic,1.0,FP
828,,O=C(OCc2cccc(Oc1ccccc1)c2)C3C(C=C(Cl)Cl)C3(C)(C),,,0,Molecule 131,NON-Toxic (EXPERIMENTAL value),Toxic,1.0,FP
829,,Oc1ccc(nc1CO)C(O)CNC(C)(C)C,,,0,Molecule 132,NON-Toxic (EXPERIMENTAL value),Toxic,1.0,FP
830,,O=C(OC)CCN2CCC(C(=O)OC)(N(c1ccccc1)C(=O)CC)CC2,,,0,Molecule 133,NON-Toxic (EXPERIMENTAL value),NON-Toxic,0.0,TN
831,,O=C(OCC)c3cnc(C#Cc1ccc2c(c1)C(C)(C)CCS2)cc3,,,0,Molecule 135,NON-Toxic (EXPERIMENTAL value),Toxic,1.0,FP
832,,O=C(NC(C)C)NS(=O)(=O)c2cnccc2(Nc1cccc(c1)C),,,0,Molecule 137,NON-Toxic (EXPERIMENTAL value),Toxic,1.0,FP
833,,c1ccc3c(c1)N(c2ccccc2CC3)CC(C)CN(C)C,,,0,Molecule 138,NON-Toxic (EXPERIMENTAL value),Toxic,1.0,FP
834,,O=C(OCC[N+](C)(C)C)C,,,0,Molecule 140,NON-Toxic (EXPERIMENTAL value),NON-Toxic,0.0,TN
835,,O=C(O)C(Oc1nc(cc(n1)C)C)C(OC)(c2ccccc2)c3ccccc3,,,0,Molecule 142,NON-Toxic (EXPERIMENTAL value),NON-Toxic,0.0,TN
836,,O=C(O)CCC(NC(=O)C(NC(=O)C1N=C(C(C)C(C)CC)SC1)CC(C)C)C(=O)NC(C(=O)NC2C(=O)NC(C(=O)NC(C(=O)NC(C(=O)NC(C(=O)NC(C(=O)NCCCC2)CC(=O)O)CC3NCNC3)Cc4ccccc4)C(C)CC)CCCN)C(C)CC,,,0,Molecule 144,NON-Toxic (EXPERIMENTAL value),Toxic,1.0,FP
837,,O=C(Nc1c(cccc1C)C)C2N(CCCC)CCCC2,,,0,Molecule 146,NON-Toxic (EXPERIMENTAL value),NON-Toxic,0.0,TN
838,,O=C(O)CCC(=O)OC2CCC3(C)(C4C(=O)C=C1C5CC(C(=O)O)(C)CCC5(C)(CCC1(C)C4(C)(CCC3(C2(C)(C))))),,,0,Molecule 147,NON-Toxic (EXPERIMENTAL value),Toxic,1.0,FP
839,,CCCCCCCCCCCCCCCC[N+](C)(C)C,,,0,Molecule 148,NON-Toxic (EXPERIMENTAL value),NON-Toxic,0.0,TN
840,,O=C(N)C=3C(=O)C4(O)(C(O)=C2C(=O)c1c(O)ccc(c1C(O)(C)C2CC4(C(C=3(O))N(C)C))Cl),,,0,Molecule 149,NON-Toxic (EXPERIMENTAL value),NON-Toxic,0.0,TN
841,,O=C(O)C4OC(O)C(OS(=O)(=O)O)C(O)C4(OC3OC(O)C(OC2OC(C(=O)O)C(OC1OC(COS(=O)(=O)O)C(O)C(O)C1(NC(=O)C))C(O)C2(O))C(CS(=O)(=O)O)C3(OS(=O)(=O)O)),,,0,Molecule 152,NON-Toxic (EXPERIMENTAL value),Toxic,1.0,FP
842,,O(c1cc2c(cc1(OC))C(NCC2)CC5=C(CN4CCc3cc(OC)c(OC)cc3C4C5)CC)C,,,0,Molecule 153,NON-Toxic (EXPERIMENTAL value),Toxic,1.0,FP
843,,O=C(C=CC=CCCCCCCCCC)NCC(=O)NC1C(O)C(O)C(OC1(C(O)CO))Nc3ncnc2nc[nH]c23,,,0,Molecule 164,NON-Toxic (EXPERIMENTAL value),Toxic,1.0,FP
844,,O=C(NO)C(O)C(C(=O)NC(C(=O)NC)C(C)(C)C)CC(C)C,,,0,Molecule 165,NON-Toxic (EXPERIMENTAL value),NON-Toxic,0.0,TN
845,,O=C(OC3(C(=O)C)(CCC2C4CC(C1=CC(=O)CCC1(C)C4(CCC23(C)))C))C,,,0,Molecule 166,NON-Toxic (EXPERIMENTAL value),Toxic,1.0,FP
846,,O=C(N)CCC8C1=NC(=C(C7=NC(C)(C6NC(=C(C2=NC(=C1)C(C)(C)C2CCC(=O)N)C)C(C)(CCC(=O)NCC(OP(=O)(O)OC3C(O)C(OC3(CO))n5cnc4cc(c(cc45)C)C)C)C6(CC(=O)N))C(C)(CC(=O)N)C7CCC(=O)N)C)C8(C)(CC(=O)N),,,0,Molecule 168,NON-Toxic (EXPERIMENTAL value),Toxic,1.0,FP
847,,O=C(O)c1c(c4[nH]c1C(CC(=O)NC(C(=O)O)CC(=O)O)C5NC(Cc2[nH]c(c(C=C)c2C)Cc3[nH]c(c(c3C)CC)C4)C(C)C5(CCC(=O)O))C,,,0,Molecule 170,NON-Toxic (EXPERIMENTAL value),Toxic,1.0,FP
848,,O=C(NNCCC(=O)NCc1ccccc1)c2ccncc2,,,0,Molecule 171,NON-Toxic (EXPERIMENTAL value),Toxic,1.0,FP
849,,O=C(O)c2cccnc2(Nc1cccc(c1)C(F)(F)F),,,0,Molecule 172,NON-Toxic (EXPERIMENTAL value),Toxic,1.0,FP
850,,O=C(N)NN=Cc1oc(cc1)[N+](=O)[O-],,,0,Molecule 173,NON-Toxic (EXPERIMENTAL value),NON-Toxic,0.0,TN
851,,O=C1OC(C)C(O1)COC(=O)c2c(nc(n2Cc3ccc(cc3)c5ccccc5(c4nnn[nH]4))CCC)C(O)(C)C,,,0,Molecule 174,NON-Toxic (EXPERIMENTAL value),Toxic,1.0,FP
852,,Oc1nc(O)c2cn[nH]c2(n1),,,0,Molecule 176,NON-Toxic (EXPERIMENTAL value),Toxic,1.0,FP
853,,O=C(OC3CC4CN2CCc1c5ccc(OC)cc5([nH]c1C2CC4(C(C(=O)OC)C3(OC))))c6cc(OC)c(OC)c(OC)c6,,,0,Molecule 181,NON-Toxic (EXPERIMENTAL value),Toxic,1.0,FP
854,,O=S(=O)(Nc1ncccc1)c2ccc(N)cc2,,,0,Molecule 184,NON-Toxic (EXPERIMENTAL value),Toxic,1.0,FP
855,,O[n+]2nc(N)[n+](O)c1ccccc12,,,0,Molecule 186,NON-Toxic (EXPERIMENTAL value),Toxic,1.0,FP
856,,O=C1C=CC3(C(=C1)CCC2C4CC(O)C(O)(C(=O)CO)C4(C)(CC(O)C23(F)))(C),,,0,Molecule 187,NON-Toxic (EXPERIMENTAL value),NON-Toxic,0.0,TN
857,,FC(F)(F)c1ccc3c(c1)N(c2ccccc2S3)CCCN(C)C,,,0,Molecule 188,NON-Toxic (EXPERIMENTAL value),Toxic,1.0,FP
858,,O=C(N(CCC)CCC)Cc2c(nc1ccc(cn12)Cl)c3ccc(cc3)Cl,,,1,Molecule 192,Toxic (EXPERIMENTAL value),Toxic,1.0,TP
859,,O=C2OC=4c1ccccc1S(=O)(=O)N(C=4(C(=O)N2c3ncccc3))C,,,1,Molecule 196,Toxic (EXPERIMENTAL value),Toxic,1.0,TP
860,,O=S(=O)(NC=NCCSCc1nc(N=C(N)N)sc1)c2ccc(cc2)Br,,,1,Molecule 197,Toxic (EXPERIMENTAL value),Toxic,1.0,TP
861,,O=C(c1cc(O)c(O)c(O)c1)c2ccc(O)c(O)c2(O),,,1,Molecule 198,Toxic (EXPERIMENTAL value),NON-Toxic,0.0,FN
862,,O=C1NC(=O)N(C=C1I)C2OC(CO)C(O)C2(F),,,1,Molecule 200,Toxic (EXPERIMENTAL value),Toxic,1.0,TP
863,,O=C(N3CCN(Cc1ccc2OCOc2(c1))CC3)COc4ccc(cc4)Cl,,,1,Molecule 201,Toxic (EXPERIMENTAL value),NON-Toxic,0.0,FN
864,,O=C(O)Cc2cc(ccc2(Nc1c(F)cccc1Cl))C,,,1,Molecule 203,Toxic (EXPERIMENTAL value),Toxic,1.0,TP
865,,c1ccc3c(c1)N(c2ccccc2S3)CC4CN(C)CCC4,,,1,Molecule 205,Toxic (EXPERIMENTAL value),Toxic,1.0,TP
866,,O=C(N)NS(=O)(=O)c1ccc(N)cc1,,,1,Molecule 212,Toxic (EXPERIMENTAL value),Toxic,1.0,TP
867,,O=S(=O)(Nc1nccs1)c2ccc(N)cc2,,,1,Molecule 213,Toxic (EXPERIMENTAL value),Toxic,1.0,TP
868,,O=C2N(c1nc(nc(c1CC2)C)C)Cc3ccc(cc3)c5ccccc5(c4nn[nH]n4),,,1,Molecule 214,Toxic (EXPERIMENTAL value),Toxic,1.0,TP
869,,Oc2c1ncccc1c(cc2Br)C,,,1,Molecule 215,Toxic (EXPERIMENTAL value),Toxic,1.0,TP
870,,O=C(O)CN(C(c2cccc1c2(ccc(OC)c1C(F)(F)F))=S)C,,,1,Molecule 216,Toxic (EXPERIMENTAL value),Toxic,1.0,TP
871,,O=C(Oc1ccc(cc1)C3(C(=O)N(C(=O)C)c2ccccc23)(c4ccc(OC(=O)C)cc4))C,,,1,Molecule 217,Toxic (EXPERIMENTAL value),NON-Toxic,0.0,FN
872,,O=C(O)C1=CN(c2nc(c(F)cc2(C1(=O)))N3CC4C(N)C4(C3))c5ccc(F)cc5(F),,,1,Molecule 218,Toxic (EXPERIMENTAL value),Toxic,1.0,TP
873,,n1cccc(c1)C(=CCN(C)C)c2ccc(cc2)Br,,,1,Molecule 220,Toxic (EXPERIMENTAL value),Toxic,1.0,TP
874,,O=C(c1cc(c(OCCN(CC)CC)c(c1)I)I)c2c3ccccc3(oc2CCCC),,,1,Molecule 221,Toxic (EXPERIMENTAL value),NON-Toxic,0.0,FN
875,,C#CC4(O)(CCC3C5CCC2=Cc1oncc1CC2(C)C5(CCC34(C))),,,1,Molecule 222,Toxic (EXPERIMENTAL value),Toxic,1.0,TP
876,,O=C3NC(=O)CN3(N=Cc1oc(cc1)c2ccc(cc2)[N+](=O)[O-]),,,1,Molecule 223,Toxic (EXPERIMENTAL value),Toxic,1.0,TP
877,,O=C(OC(C)(C)C)NC(c1ccccc1)C(O)C(=O)OC4C(=C5C(O)C(=O)C6(C)(C(O)CC2OCC2(OC(=O)C)C6(C(OC(=O)c3ccccc3)C(O)(C4)C5(C)C)))C,,,1,Molecule 224,Toxic (EXPERIMENTAL value),Toxic,1.0,TP
878,,O=S(=O)(C)CCNCc1oc(cc1)c4ccc5ncnc(Nc3ccc(OCc2cccc(F)c2)c(c3)Cl)c5(c4),,,1,Molecule 225,Toxic (EXPERIMENTAL value),Toxic,1.0,TP
879,,O=C1N(N=C(N1CCOc2ccccc2)CC)CCCN4CCN(c3cccc(c3)Cl)CC4,,,1,Molecule 226,Toxic (EXPERIMENTAL value),NON-Toxic,0.0,FN
880,,O=S(=O)(N)c1cc(ccc1C)Nc2nccc(n2)N(c4ccc3c(nn(c3C)C)c4)C,,,1,Molecule 227,Toxic (EXPERIMENTAL value),Toxic,1.0,TP
881,,O=C3Nc1ccc(F)cc1C3(=Cc2[nH]c(c(C(=O)NCCN(CC)CC)c2C)C),,,1,Molecule 228,Toxic (EXPERIMENTAL value),Toxic,1.0,TP
882,,O=C1C(=C(O)OC(C1)(CCc2ccccc2)CCC)C(c3cccc(c3)NS(=O)(=O)c4ncc(cc4)C(F)(F)F)CC,,,1,Molecule 229,Toxic (EXPERIMENTAL value),Toxic,1.0,TP
883,,O=C1N=C(N)C=CN1C2OC(CO)CC2,,,1,Molecule 230,Toxic (EXPERIMENTAL value),Toxic,1.0,TP
884,,[N-]=[N+]=NC1CC(OC1(CO))N2C=C(C(=O)NC2(=O))C,,,1,Molecule 231,Toxic (EXPERIMENTAL value),Toxic,1.0,TP
885,,O=C(O)c1ccc(cc1)N3NC(NC3(=C2C=CC=CC2(=O)))=C4C=CC=CC4(=O),,,1,Molecule 232,Toxic (EXPERIMENTAL value),Toxic,1.0,TP
886,,O=C(N)C1=NC=NC1(=NNN(C)C),,,1,Molecule 233,Toxic (EXPERIMENTAL value),NON-Toxic,0.0,FN
887,,O=C(O)c1cccc(c1)C4=CC=CC(=NNC=2C(=O)N(NC=2C)c3ccc(c(c3)C)C)C4(=O),,,1,Molecule 234,Toxic (EXPERIMENTAL value),NON-Toxic,0.0,FN
888,,O=C(NC(c1ccccc1)CCN2C4CCC2CC(n3c(nnc3C(C)C)C)C4)C5CCC(F)(F)CC5,,,1,Molecule 235,Toxic (EXPERIMENTAL value),Toxic,1.0,TP
889,,O=C1CCC5(O)(C4N(CCC25(c3c(OC12)c(O)ccc3C4))CC6CC6),,,1,Molecule 236,Toxic (EXPERIMENTAL value),NON-Toxic,0.0,FN
890,,O=C(OC(C)(C)Cc1ccc(cc1)Cl)C(N)C,,,1,Molecule 237,Toxic (EXPERIMENTAL value),Toxic,1.0,TP
891,,O=C(O)c5ccc(Oc1ccc(cc1)CN4CCC2(C(=O)NC(C(=O)N2(CCCC))C(O)C3CCCCC3)CC4)cc5,,,1,Molecule 238,Toxic (EXPERIMENTAL value),Toxic,1.0,TP
892,,O=C([O-])C2OC(OC1C(OS(=O)(=O)[O-])C(OC(O)C1(NC(=O)C))CO)C(O)C(O)C2(O),,,1,Molecule 239,Toxic (EXPERIMENTAL value),NON-Toxic,0.0,FN
893,,O=C2Nc6c1nc(cnc1sc6(C(=O)N2CCCCN3CC4c5c(OC)cccc5(OCC4(C3))))c7ccccc7,,,1,Molecule 241,Toxic (EXPERIMENTAL value),Toxic,1.0,TP
894,,O=C5OC(OCC)C(NC(=O)C4N3C(=O)C(NC(=O)c1nccc2ccccc12)CCC(=O)N3CCC4)C5,,,1,Molecule 243,Toxic (EXPERIMENTAL value),Toxic,1.0,TP
895,,n1c[nH]c2c1NC=NC2=S,,,1,Molecule 250,Toxic (EXPERIMENTAL value),Toxic,1.0,TP
896,,O=C(OC3C(C)C(OC)C=COC1(Oc4c(C1(=O))c5C(=O)C(=CNN2CCN(C)CC2)C(NC(=O)C(=CC=CC(C)C(O)C(C)C(O)C3(C))C)=C(O)c5(c(O)c4C))C)C,,,1,Molecule 252,Toxic (EXPERIMENTAL value),Toxic,1.0,TP
897,,O=C(O)CC=2c3cc(F)ccc3(C(=Cc1ccc(cc1)S(=O)C)C=2C),,,1,Molecule 253,Toxic (EXPERIMENTAL value),Toxic,1.0,TP
898,,O=C(O)C1=CN(c2cc(c(F)cc2(C1(=O)))N3CCNCC3)C4CC4,,,1,Molecule 255,Toxic (EXPERIMENTAL value),Toxic,1.0,TP
899,,O=C(NNCc1ccccc1)c2noc(c2)C,,,1,Molecule 256,Toxic (EXPERIMENTAL value),Toxic,1.0,TP
900,,O=C(O)C(NN)(C)Cc1ccc(O)c(O)c1,,,1,Molecule 257,Toxic (EXPERIMENTAL value),Toxic,1.0,TP
901,,c1ccc(c(c1)CN3Cc2ccsc2CC3)Cl,,,1,Molecule 258,Toxic (EXPERIMENTAL value),Toxic,1.0,TP
902,,O=C(O)CCC(NC(=O)C(NC(=O)C1CN=C(C(N)C(C)CC)S1)CC(C)C)C(=O)NC(C(=O)NC2C(=O)NC(C(=O)NC(C(=O)NC(C(=O)NC(C(=O)NC(C(=O)NC(C(=O)NCCCC2)CC(=O)N)CC(=O)O)Cc3cnc[nH]3)Cc4ccccc4)C(C)CC)CCCN)C(C)CC,,,0,Molecule 260,NON-Toxic (EXPERIMENTAL value),Toxic,1.0,FP
903,,O(C(c1ccccc1)c2ccccc2)C4CC3N(C)C(CC3)C4,,,0,Molecule 263,NON-Toxic (EXPERIMENTAL value),NON-Toxic,0.0,TN
904,,O=C([O-])C[N+](C)(C)C,,,0,Molecule 264,NON-Toxic (EXPERIMENTAL value),NON-Toxic,0.0,TN
905,,O=C(OC(C)C[N+](C)(C)C)N,,,0,Molecule 265,NON-Toxic (EXPERIMENTAL value),NON-Toxic,0.0,TN
906,,n1ccccc1C(OCCN(C)C)c2ccc(cc2)Cl,,,0,Molecule 267,NON-Toxic (EXPERIMENTAL value),Toxic,1.0,FP
907,,N(C(=NCCCCCCN=C(N=C(N)Nc1ccc(cc1)Cl)N)N)=C(N)Nc2ccc(cc2)Cl,,,0,Molecule 268,NON-Toxic (EXPERIMENTAL value),Toxic,1.0,FP
908,,O(CCC1N(C)CCC1)C(c2ccccc2)(c3ccc(cc3)Cl)C,,,0,Molecule 269,NON-Toxic (EXPERIMENTAL value),NON-Toxic,0.0,TN
909,,O=C(NC(C(=O)NC(C(=O)NC(C(=O)NC1C(=O)NC(C(=O)NC(C(=O)NC(C(=O)NC(C(=O)NC(C(=O)NC(C(=O)NCC1)C(O)C)CCNCS(=O)(=O)O)CCNCS(=O)(=O)O)CC(C)C)CC(C)C)CCNCS(=O)(=O)O)CCNCS(=O)(=O)O)C(O)C)CCNCS(=O)(=O)O)CCCCC(C)CC,,,0,Molecule 270,NON-Toxic (EXPERIMENTAL value),Toxic,1.0,FP
910,,O=C(N)CCC8C1=NC(=C(C7=NC(C)(C6[N-]C(=C(C2=NC(=C1)C(C)(C)C2CCC(=O)N)C)C(C)(CCC(=O)NCC(OP(=O)(O)OC3C(O)C(OC3(CO))n5cnc4cc(c(cc45)C)C)C)C6(CC(=O)N))C(C)(CC(=O)N)C7CCC(=O)N)C)C8(C)(CC(=O)N),,,0,Molecule 271,NON-Toxic (EXPERIMENTAL value),Toxic,1.0,FP
911,,O=C1OCC(=C1)C6CCC7(O)(C8CCC5CC(OC4OC(C)C(OC3OC(C)C(OC2OC(C)C(O)C(O)C2)C(O)C3)C(O)C4)CCC5(C)C8(CC(O)C67(C))),,,0,Molecule 272,NON-Toxic (EXPERIMENTAL value),NON-Toxic,0.0,TN
912,,OC3CC(=CC=C1CCCC2(C)(C1CCC2(C(C=CC(C)C(C)C)C)))C(=C)CC3,,,0,Molecule 275,NON-Toxic (EXPERIMENTAL value),Toxic,1.0,FP
913,,O=C([O-])CC(O)C[N+](C)(C)C,,,0,Molecule 281,NON-Toxic (EXPERIMENTAL value),NON-Toxic,0.0,TN
914,,O=CC3(O)(C(OC(OC1C(O)C(O)C(N=C(N)N)C(O)C1(N=C(N)N))C3(OC2OC(CO)C(O)C(O)C2(NC)))C),,,0,Molecule 289,NON-Toxic (EXPERIMENTAL value),Toxic,1.0,FP
915,,O=C(OCC[N+](C)(C)C)CCC(=O)OCC[N+](C)(C)C,,,0,Molecule 290,NON-Toxic (EXPERIMENTAL value),NON-Toxic,0.0,TN
916,,O=S(=O)(N)c1cc(ccc1(OC))CC(NCCOc2ccccc2(OCC))C,,,0,Molecule 291,NON-Toxic (EXPERIMENTAL value),Toxic,1.0,FP
